Verb,Translation,Tense,ConjSingular,ConjPlural,Notes
être,быть,Présent,"<span class=""pronoun"">je</span> {{c1::suis}}<br><span class=""pronoun"">tu</span> {{c1::es}}<br><span class=""pronoun"">il/elle</span> {{c1::est}}","<span class=""pronoun"">nous</span> {{c2::sommes}}<br><span class=""pronoun"">vous</span> {{c2::êtes}}<br><span class=""pronoun"">ils/elles</span> {{c2::sont}}","Вспомогательный. Passé composé с глаголами движения и возвратными."
avoir,иметь,Présent,"<span class=""pronoun"">j'</span>{{c1::ai}}<br><span class=""pronoun"">tu</span> {{c1::as}}<br><span class=""pronoun"">il/elle</span> {{c1::a}}","<span class=""pronoun"">nous</span> {{c2::avons}}<br><span class=""pronoun"">vous</span> {{c2::avez}}<br><span class=""pronoun"">ils/elles</span> {{c2::ont}}","Вспомогательный. Expressions: avoir faim, avoir peur, avoir besoin de."
aller,"идти, ехать",Présent,"<span class=""pronoun"">je</span> {{c1::vais}}<br><span class=""pronoun"">tu</span> {{c1::vas}}<br><span class=""pronoun"">il/elle</span> {{c1::va}}","<span class=""pronoun"">nous</span> {{c2::allons}}<br><span class=""pronoun"">vous</span> {{c2::allez}}<br><span class=""pronoun"">ils/elles</span> {{c2::vont}}","Единственный -er в 3 группе! Futur proche: je vais + inf. Être в passé composé."
faire,делать,Présent,"<span class=""pronoun"">je</span> {{c1::fais}}<br><span class=""pronoun"">tu</span> {{c1::fais}}<br><span class=""pronoun"">il/elle</span> {{c1::fait}}","<span class=""pronoun"">nous</span> {{c2::faisons}}<br><span class=""pronoun"">vous</span> {{c2::faites}}<br><span class=""pronoun"">ils/elles</span> {{c2::font}}","vous faites (не *faisez!). Faire + inf = causatif."
dire,"говорить, сказать",Présent,"<span class=""pronoun"">je</span> {{c1::dis}}<br><span class=""pronoun"">tu</span> {{c1::dis}}<br><span class=""pronoun"">il/elle</span> {{c1::dit}}","<span class=""pronoun"">nous</span> {{c2::disons}}<br><span class=""pronoun"">vous</span> {{c2::dites}}<br><span class=""pronoun"">ils/elles</span> {{c2::disent}}","vous dites (не *disez!). Но: vous interdisez, vous médisez."
falloir,быть нужным (безл.),Présent,"<span class=""pronoun"">il</span> {{c1::faut}}","","Безличный! Il faut + infinitif / + que + subjonctif."
valoir,стоить,Présent,"<span class=""pronoun"">je</span> {{c1::vaux}}<br><span class=""pronoun"">tu</span> {{c1::vaux}}<br><span class=""pronoun"">il/elle</span> {{c1::vaut}}","<span class=""pronoun"">nous</span> {{c2::valons}}<br><span class=""pronoun"">vous</span> {{c2::valez}}<br><span class=""pronoun"">ils/elles</span> {{c2::valent}}","Il vaut mieux + infinitif = лучше. Ça vaut le coup!"
pleuvoir,идти (о дожде),Présent,"<span class=""pronoun"">il</span> {{c1::pleut}}","","Безличный! Il pleut des cordes = льёт как из ведра."
pouvoir,мочь,Présent,"<span class=""pronoun"">je</span> {{c1::peux}}<br><span class=""pronoun"">tu</span> {{c1::peux}}<br><span class=""pronoun"">il/elle</span> {{c1::peut}}","<span class=""pronoun"">nous</span> {{c2::pouvons}}<br><span class=""pronoun"">vous</span> {{c2::pouvez}}<br><span class=""pronoun"">ils/elles</span> {{c2::peuvent}}","Puis-je? (вежливый вопрос). Модальный глагол."
vouloir,хотеть,Présent,"<span class=""pronoun"">je</span> {{c1::veux}}<br><span class=""pronoun"">tu</span> {{c1::veux}}<br><span class=""pronoun"">il/elle</span> {{c1::veut}}","<span class=""pronoun"">nous</span> {{c2::voulons}}<br><span class=""pronoun"">vous</span> {{c2::voulez}}<br><span class=""pronoun"">ils/elles</span> {{c2::veulent}}","Je voudrais (conditionnel) = вежливая форма. Vouloir dire = означать."
devoir,долженствовать,Présent,"<span class=""pronoun"">je</span> {{c1::dois}}<br><span class=""pronoun"">tu</span> {{c1::dois}}<br><span class=""pronoun"">il/elle</span> {{c1::doit}}","<span class=""pronoun"">nous</span> {{c2::devons}}<br><span class=""pronoun"">vous</span> {{c2::devez}}<br><span class=""pronoun"">ils/elles</span> {{c2::doivent}}","Модальный. Также = быть должным (деньги). Je dois y aller."
savoir,"знать (факт, умение)",Présent,"<span class=""pronoun"">je</span> {{c1::sais}}<br><span class=""pronoun"">tu</span> {{c1::sais}}<br><span class=""pronoun"">il/elle</span> {{c1::sait}}","<span class=""pronoun"">nous</span> {{c2::savons}}<br><span class=""pronoun"">vous</span> {{c2::savez}}<br><span class=""pronoun"">ils/elles</span> {{c2::savent}}","≠ connaître (знать человека/место). Savoir + infinitif = уметь."
oser,сметь,Présent,"<span class=""pronoun"">j'</span>{{c1::ose}}<br><span class=""pronoun"">tu</span> {{c1::oses}}<br><span class=""pronoun"">il/elle</span> {{c1::ose}}","<span class=""pronoun"">nous</span> {{c2::osons}}<br><span class=""pronoun"">vous</span> {{c2::osez}}<br><span class=""pronoun"">ils/elles</span> {{c2::osent}}","Groupe 1 (-er). Oser + infinitif. Je n'ose pas le dire."
daigner,соизволить,Présent,"<span class=""pronoun"">je</span> {{c1::daigne}}<br><span class=""pronoun"">tu</span> {{c1::daignes}}<br><span class=""pronoun"">il/elle</span> {{c1::daigne}}","<span class=""pronoun"">nous</span> {{c2::daignons}}<br><span class=""pronoun"">vous</span> {{c2::daignez}}<br><span class=""pronoun"">ils/elles</span> {{c2::daignent}}","Groupe 1 (-er). Книжное/ироничное. Daigner + infinitif."
parler,говорить,Présent,"<span class=""pronoun"">je</span> {{c1::parle}}<br><span class=""pronoun"">tu</span> {{c1::parles}}<br><span class=""pronoun"">il/elle</span> {{c1::parle}}","<span class=""pronoun"">nous</span> {{c2::parlons}}<br><span class=""pronoun"">vous</span> {{c2::parlez}}<br><span class=""pronoun"">ils/elles</span> {{c2::parlent}}","Groupe 1 (-er). ОБРАЗЕЦ для всех правильных -er глаголов."
travailler,работать,Présent,"<span class=""pronoun"">je</span> {{c1::travaille}}<br><span class=""pronoun"">tu</span> {{c1::travailles}}<br><span class=""pronoun"">il/elle</span> {{c1::travaille}}","<span class=""pronoun"">nous</span> {{c2::travaillons}}<br><span class=""pronoun"">vous</span> {{c2::travaillez}}<br><span class=""pronoun"">ils/elles</span> {{c2::travaillent}}","Groupe 1 (-er). Travailler sur = работать над чем-то."
habiter,"жить, проживать",Présent,"<span class=""pronoun"">j'</span>{{c1::habite}}<br><span class=""pronoun"">tu</span> {{c1::habites}}<br><span class=""pronoun"">il/elle</span> {{c1::habite}}","<span class=""pronoun"">nous</span> {{c2::habitons}}<br><span class=""pronoun"">vous</span> {{c2::habitez}}<br><span class=""pronoun"">ils/elles</span> {{c2::habitent}}","Groupe 1 (-er). J'habite à Montréal / au Canada."
aimer,любить,Présent,"<span class=""pronoun"">j'</span>{{c1::aime}}<br><span class=""pronoun"">tu</span> {{c1::aimes}}<br><span class=""pronoun"">il/elle</span> {{c1::aime}}","<span class=""pronoun"">nous</span> {{c2::aimons}}<br><span class=""pronoun"">vous</span> {{c2::aimez}}<br><span class=""pronoun"">ils/elles</span> {{c2::aiment}}","Groupe 1 (-er). Aimer + infinitif = нравится делать что-то."
chercher,искать,Présent,"<span class=""pronoun"">je</span> {{c1::cherche}}<br><span class=""pronoun"">tu</span> {{c1::cherches}}<br><span class=""pronoun"">il/elle</span> {{c1::cherche}}","<span class=""pronoun"">nous</span> {{c2::cherchons}}<br><span class=""pronoun"">vous</span> {{c2::cherchez}}<br><span class=""pronoun"">ils/elles</span> {{c2::cherchent}}","Groupe 1 (-er). Chercher à + inf = пытаться. Je cherche un travail."
arriver,прибывать,Présent,"<span class=""pronoun"">j'</span>{{c1::arrive}}<br><span class=""pronoun"">tu</span> {{c1::arrives}}<br><span class=""pronoun"">il/elle</span> {{c1::arrive}}","<span class=""pronoun"">nous</span> {{c2::arrivons}}<br><span class=""pronoun"">vous</span> {{c2::arrivez}}<br><span class=""pronoun"">ils/elles</span> {{c2::arrivent}}","Groupe 1 (-er). Être в passé composé! Arriver à = удаваться."
demander,"спрашивать, просить",Présent,"<span class=""pronoun"">je</span> {{c1::demande}}<br><span class=""pronoun"">tu</span> {{c1::demandes}}<br><span class=""pronoun"">il/elle</span> {{c1::demande}}","<span class=""pronoun"">nous</span> {{c2::demandons}}<br><span class=""pronoun"">vous</span> {{c2::demandez}}<br><span class=""pronoun"">ils/elles</span> {{c2::demandent}}","Groupe 1 (-er). Demander à qqn de + inf. Se demander = задаваться вопросом."
penser,думать,Présent,"<span class=""pronoun"">je</span> {{c1::pense}}<br><span class=""pronoun"">tu</span> {{c1::penses}}<br><span class=""pronoun"">il/elle</span> {{c1::pense}}","<span class=""pronoun"">nous</span> {{c2::pensons}}<br><span class=""pronoun"">vous</span> {{c2::pensez}}<br><span class=""pronoun"">ils/elles</span> {{c2::pensent}}","Groupe 1 (-er). Penser à = думать о. Penser + inf = намереваться."
trouver,находить,Présent,"<span class=""pronoun"">je</span> {{c1::trouve}}<br><span class=""pronoun"">tu</span> {{c1::trouves}}<br><span class=""pronoun"">il/elle</span> {{c1::trouve}}","<span class=""pronoun"">nous</span> {{c2::trouvons}}<br><span class=""pronoun"">vous</span> {{c2::trouvez}}<br><span class=""pronoun"">ils/elles</span> {{c2::trouvent}}","Groupe 1 (-er). Se trouver = находиться. Je trouve que = я считаю что."
donner,давать,Présent,"<span class=""pronoun"">je</span> {{c1::donne}}<br><span class=""pronoun"">tu</span> {{c1::donnes}}<br><span class=""pronoun"">il/elle</span> {{c1::donne}}","<span class=""pronoun"">nous</span> {{c2::donnons}}<br><span class=""pronoun"">vous</span> {{c2::donnez}}<br><span class=""pronoun"">ils/elles</span> {{c2::donnent}}","Groupe 1 (-er). Donner sur = выходить на (окно)."
passer,"проходить, проводить",Présent,"<span class=""pronoun"">je</span> {{c1::passe}}<br><span class=""pronoun"">tu</span> {{c1::passes}}<br><span class=""pronoun"">il/elle</span> {{c1::passe}}","<span class=""pronoun"">nous</span> {{c2::passons}}<br><span class=""pronoun"">vous</span> {{c2::passez}}<br><span class=""pronoun"">ils/elles</span> {{c2::passent}}","Groupe 1 (-er). Être (intrans: je suis passé) / avoir (trans: j'ai passé l'examen)."
rester,оставаться,Présent,"<span class=""pronoun"">je</span> {{c1::reste}}<br><span class=""pronoun"">tu</span> {{c1::restes}}<br><span class=""pronoun"">il/elle</span> {{c1::reste}}","<span class=""pronoun"">nous</span> {{c2::restons}}<br><span class=""pronoun"">vous</span> {{c2::restez}}<br><span class=""pronoun"">ils/elles</span> {{c2::restent}}","Groupe 1 (-er). Être в passé composé! Il reste = осталось."
acheter,покупать,Présent,"<span class=""pronoun"">j'</span>{{c1::achète}}<br><span class=""pronoun"">tu</span> {{c1::achètes}}<br><span class=""pronoun"">il/elle</span> {{c1::achète}}","<span class=""pronoun"">nous</span> {{c2::achetons}}<br><span class=""pronoun"">vous</span> {{c2::achetez}}<br><span class=""pronoun"">ils/elles</span> {{c2::achètent}}","Groupe 1 (-er). ПАТТЕРН: e→è перед немым слогом. Как: lever, mener."
lever,поднимать,Présent,"<span class=""pronoun"">je</span> {{c1::lève}}<br><span class=""pronoun"">tu</span> {{c1::lèves}}<br><span class=""pronoun"">il/elle</span> {{c1::lève}}","<span class=""pronoun"">nous</span> {{c2::levons}}<br><span class=""pronoun"">vous</span> {{c2::levez}}<br><span class=""pronoun"">ils/elles</span> {{c2::lèvent}}","Groupe 1 (-er). ПАТТЕРН e→è. Se lever = вставать (Être!)."
mener,вести,Présent,"<span class=""pronoun"">je</span> {{c1::mène}}<br><span class=""pronoun"">tu</span> {{c1::mènes}}<br><span class=""pronoun"">il/elle</span> {{c1::mène}}","<span class=""pronoun"">nous</span> {{c2::menons}}<br><span class=""pronoun"">vous</span> {{c2::menez}}<br><span class=""pronoun"">ils/elles</span> {{c2::mènent}}","Groupe 1 (-er). ПАТТЕРН e→è. Как: amener, emmener, promener."
appeler,"звонить, называть",Présent,"<span class=""pronoun"">j'</span>{{c1::appelle}}<br><span class=""pronoun"">tu</span> {{c1::appelles}}<br><span class=""pronoun"">il/elle</span> {{c1::appelle}}","<span class=""pronoun"">nous</span> {{c2::appelons}}<br><span class=""pronoun"">vous</span> {{c2::appelez}}<br><span class=""pronoun"">ils/elles</span> {{c2::appellent}}","Groupe 1 (-er). ПАТТЕРН: l→ll перед немым слогом. S'appeler = называться."
jeter,бросать,Présent,"<span class=""pronoun"">je</span> {{c1::jette}}<br><span class=""pronoun"">tu</span> {{c1::jettes}}<br><span class=""pronoun"">il/elle</span> {{c1::jette}}","<span class=""pronoun"">nous</span> {{c2::jetons}}<br><span class=""pronoun"">vous</span> {{c2::jetez}}<br><span class=""pronoun"">ils/elles</span> {{c2::jettent}}","Groupe 1 (-er). ПАТТЕРН: t→tt перед немым слогом. Как: projeter, rejeter."
payer,платить,Présent,"<span class=""pronoun"">je</span> {{c1::paie}}<br><span class=""pronoun"">tu</span> {{c1::paies}}<br><span class=""pronoun"">il/elle</span> {{c1::paie}}","<span class=""pronoun"">nous</span> {{c2::payons}}<br><span class=""pronoun"">vous</span> {{c2::payez}}<br><span class=""pronoun"">ils/elles</span> {{c2::paient}}","Groupe 1 (-er). ПАТТЕРН -ayer: y→i (опционально: je paye тоже верно)."
envoyer,отправлять,Présent,"<span class=""pronoun"">j'</span>{{c1::envoie}}<br><span class=""pronoun"">tu</span> {{c1::envoies}}<br><span class=""pronoun"">il/elle</span> {{c1::envoie}}","<span class=""pronoun"">nous</span> {{c2::envoyons}}<br><span class=""pronoun"">vous</span> {{c2::envoyez}}<br><span class=""pronoun"">ils/elles</span> {{c2::envoient}}","Groupe 1 (-er). ПАТТЕРН -oyer: y→i. ОСОБЫЙ futur: j'enverrai (не *envoyerai)!"
employer,использовать,Présent,"<span class=""pronoun"">j'</span>{{c1::emploie}}<br><span class=""pronoun"">tu</span> {{c1::emploies}}<br><span class=""pronoun"">il/elle</span> {{c1::emploie}}","<span class=""pronoun"">nous</span> {{c2::employons}}<br><span class=""pronoun"">vous</span> {{c2::employez}}<br><span class=""pronoun"">ils/elles</span> {{c2::emploient}}","Groupe 1 (-er). ПАТТЕРН -oyer: y→i обязательно. Как: nettoyer, noyer."
essayer,пробовать,Présent,"<span class=""pronoun"">j'</span>{{c1::essaie}}<br><span class=""pronoun"">tu</span> {{c1::essaies}}<br><span class=""pronoun"">il/elle</span> {{c1::essaie}}","<span class=""pronoun"">nous</span> {{c2::essayons}}<br><span class=""pronoun"">vous</span> {{c2::essayez}}<br><span class=""pronoun"">ils/elles</span> {{c2::essaient}}","Groupe 1 (-er). ПАТТЕРН -ayer: y→i опционально. Essayer de + inf."
commencer,начинать,Présent,"<span class=""pronoun"">je</span> {{c1::commence}}<br><span class=""pronoun"">tu</span> {{c1::commences}}<br><span class=""pronoun"">il/elle</span> {{c1::commence}}","<span class=""pronoun"">nous</span> {{c2::commençons}}<br><span class=""pronoun"">vous</span> {{c2::commencez}}<br><span class=""pronoun"">ils/elles</span> {{c2::commencent}}","Groupe 1 (-er). ПАТТЕРН -cer: c→ç перед a/o. Commencer à/de + inf."
manger,есть,Présent,"<span class=""pronoun"">je</span> {{c1::mange}}<br><span class=""pronoun"">tu</span> {{c1::manges}}<br><span class=""pronoun"">il/elle</span> {{c1::mange}}","<span class=""pronoun"">nous</span> {{c2::mangeons}}<br><span class=""pronoun"">vous</span> {{c2::mangez}}<br><span class=""pronoun"">ils/elles</span> {{c2::mangent}}","Groupe 1 (-er). ПАТТЕРН -ger: ge перед a/o. Как: nager, voyager, changer."
préférer,предпочитать,Présent,"<span class=""pronoun"">je</span> {{c1::préfère}}<br><span class=""pronoun"">tu</span> {{c1::préfères}}<br><span class=""pronoun"">il/elle</span> {{c1::préfère}}","<span class=""pronoun"">nous</span> {{c2::préférons}}<br><span class=""pronoun"">vous</span> {{c2::préférez}}<br><span class=""pronoun"">ils/elles</span> {{c2::préfèrent}}","Groupe 1 (-er). ПАТТЕРН é→è перед немым слогом. Как: espérer, répéter."
espérer,надеяться,Présent,"<span class=""pronoun"">j'</span>{{c1::espère}}<br><span class=""pronoun"">tu</span> {{c1::espères}}<br><span class=""pronoun"">il/elle</span> {{c1::espère}}","<span class=""pronoun"">nous</span> {{c2::espérons}}<br><span class=""pronoun"">vous</span> {{c2::espérez}}<br><span class=""pronoun"">ils/elles</span> {{c2::espèrent}}","Groupe 1 (-er). ПАТТЕРН é→è. Espérer + infinitif (без que!)."
finir,заканчивать,Présent,"<span class=""pronoun"">je</span> {{c1::finis}}<br><span class=""pronoun"">tu</span> {{c1::finis}}<br><span class=""pronoun"">il/elle</span> {{c1::finit}}","<span class=""pronoun"">nous</span> {{c2::finissons}}<br><span class=""pronoun"">vous</span> {{c2::finissez}}<br><span class=""pronoun"">ils/elles</span> {{c2::finissent}}","Groupe 2 (-ir/-issant). ОБРАЗЕЦ для всех правильных -ir глаголов."
choisir,выбирать,Présent,"<span class=""pronoun"">je</span> {{c1::choisis}}<br><span class=""pronoun"">tu</span> {{c1::choisis}}<br><span class=""pronoun"">il/elle</span> {{c1::choisit}}","<span class=""pronoun"">nous</span> {{c2::choisissons}}<br><span class=""pronoun"">vous</span> {{c2::choisissez}}<br><span class=""pronoun"">ils/elles</span> {{c2::choisissent}}","Groupe 2 (-ir/-issant). Choisir de + inf."
réussir,"удаваться, преуспевать",Présent,"<span class=""pronoun"">je</span> {{c1::réussis}}<br><span class=""pronoun"">tu</span> {{c1::réussis}}<br><span class=""pronoun"">il/elle</span> {{c1::réussit}}","<span class=""pronoun"">nous</span> {{c2::réussissons}}<br><span class=""pronoun"">vous</span> {{c2::réussissez}}<br><span class=""pronoun"">ils/elles</span> {{c2::réussissent}}","Groupe 2 (-ir/-issant). Réussir à + inf. Réussir un examen."
réfléchir,размышлять,Présent,"<span class=""pronoun"">je</span> {{c1::réfléchis}}<br><span class=""pronoun"">tu</span> {{c1::réfléchis}}<br><span class=""pronoun"">il/elle</span> {{c1::réfléchit}}","<span class=""pronoun"">nous</span> {{c2::réfléchissons}}<br><span class=""pronoun"">vous</span> {{c2::réfléchissez}}<br><span class=""pronoun"">ils/elles</span> {{c2::réfléchissent}}","Groupe 2 (-ir/-issant). Réfléchir à qqch."
remplir,заполнять,Présent,"<span class=""pronoun"">je</span> {{c1::remplis}}<br><span class=""pronoun"">tu</span> {{c1::remplis}}<br><span class=""pronoun"">il/elle</span> {{c1::remplit}}","<span class=""pronoun"">nous</span> {{c2::remplissons}}<br><span class=""pronoun"">vous</span> {{c2::remplissez}}<br><span class=""pronoun"">ils/elles</span> {{c2::remplissent}}","Groupe 2 (-ir/-issant). Remplir un formulaire = заполнить форму."
établir,устанавливать,Présent,"<span class=""pronoun"">j'</span>{{c1::établis}}<br><span class=""pronoun"">tu</span> {{c1::établis}}<br><span class=""pronoun"">il/elle</span> {{c1::établit}}","<span class=""pronoun"">nous</span> {{c2::établissons}}<br><span class=""pronoun"">vous</span> {{c2::établissez}}<br><span class=""pronoun"">ils/elles</span> {{c2::établissent}}","Groupe 2 (-ir/-issant). S'établir = обосноваться. Immigration: s'établir au Canada."
grandir,расти,Présent,"<span class=""pronoun"">je</span> {{c1::grandis}}<br><span class=""pronoun"">tu</span> {{c1::grandis}}<br><span class=""pronoun"">il/elle</span> {{c1::grandit}}","<span class=""pronoun"">nous</span> {{c2::grandissons}}<br><span class=""pronoun"">vous</span> {{c2::grandissez}}<br><span class=""pronoun"">ils/elles</span> {{c2::grandissent}}","Groupe 2 (-ir/-issant). J'ai grandi à Montréal."
vieillir,стареть,Présent,"<span class=""pronoun"">je</span> {{c1::vieillis}}<br><span class=""pronoun"">tu</span> {{c1::vieillis}}<br><span class=""pronoun"">il/elle</span> {{c1::vieillit}}","<span class=""pronoun"">nous</span> {{c2::vieillissons}}<br><span class=""pronoun"">vous</span> {{c2::vieillissez}}<br><span class=""pronoun"">ils/elles</span> {{c2::vieillissent}}","Groupe 2 (-ir/-issant). Aussi transitif: le vin vieillit bien."
grossir,толстеть,Présent,"<span class=""pronoun"">je</span> {{c1::grossis}}<br><span class=""pronoun"">tu</span> {{c1::grossis}}<br><span class=""pronoun"">il/elle</span> {{c1::grossit}}","<span class=""pronoun"">nous</span> {{c2::grossissons}}<br><span class=""pronoun"">vous</span> {{c2::grossissez}}<br><span class=""pronoun"">ils/elles</span> {{c2::grossissent}}","Groupe 2 (-ir/-issant). ≠ maigrir."
maigrir,худеть,Présent,"<span class=""pronoun"">je</span> {{c1::maigris}}<br><span class=""pronoun"">tu</span> {{c1::maigris}}<br><span class=""pronoun"">il/elle</span> {{c1::maigrit}}","<span class=""pronoun"">nous</span> {{c2::maigrissons}}<br><span class=""pronoun"">vous</span> {{c2::maigrissez}}<br><span class=""pronoun"">ils/elles</span> {{c2::maigrissent}}","Groupe 2 (-ir/-issant). ≠ grossir."
rougir,краснеть,Présent,"<span class=""pronoun"">je</span> {{c1::rougis}}<br><span class=""pronoun"">tu</span> {{c1::rougis}}<br><span class=""pronoun"">il/elle</span> {{c1::rougit}}","<span class=""pronoun"">nous</span> {{c2::rougissons}}<br><span class=""pronoun"">vous</span> {{c2::rougissez}}<br><span class=""pronoun"">ils/elles</span> {{c2::rougissent}}","Groupe 2 (-ir/-issant). Rougir de honte = покраснеть от стыда."
bâtir,строить,Présent,"<span class=""pronoun"">je</span> {{c1::bâtis}}<br><span class=""pronoun"">tu</span> {{c1::bâtis}}<br><span class=""pronoun"">il/elle</span> {{c1::bâtit}}","<span class=""pronoun"">nous</span> {{c2::bâtissons}}<br><span class=""pronoun"">vous</span> {{c2::bâtissez}}<br><span class=""pronoun"">ils/elles</span> {{c2::bâtissent}}","Groupe 2 (-ir/-issant). Bâtir une maison / une carrière."
obéir,повиноваться,Présent,"<span class=""pronoun"">j'</span>{{c1::obéis}}<br><span class=""pronoun"">tu</span> {{c1::obéis}}<br><span class=""pronoun"">il/elle</span> {{c1::obéit}}","<span class=""pronoun"">nous</span> {{c2::obéissons}}<br><span class=""pronoun"">vous</span> {{c2::obéissez}}<br><span class=""pronoun"">ils/elles</span> {{c2::obéissent}}","Groupe 2 (-ir/-issant). Obéir à qqn/qqch. ≠ désobéir."
punir,наказывать,Présent,"<span class=""pronoun"">je</span> {{c1::punis}}<br><span class=""pronoun"">tu</span> {{c1::punis}}<br><span class=""pronoun"">il/elle</span> {{c1::punit}}","<span class=""pronoun"">nous</span> {{c2::punissons}}<br><span class=""pronoun"">vous</span> {{c2::punissez}}<br><span class=""pronoun"">ils/elles</span> {{c2::punissent}}","Groupe 2 (-ir/-issant). Punir qqn de/pour qqch."
guérir,"лечить, выздоравливать",Présent,"<span class=""pronoun"">je</span> {{c1::guéris}}<br><span class=""pronoun"">tu</span> {{c1::guéris}}<br><span class=""pronoun"">il/elle</span> {{c1::guérit}}","<span class=""pronoun"">nous</span> {{c2::guérissons}}<br><span class=""pronoun"">vous</span> {{c2::guérissez}}<br><span class=""pronoun"">ils/elles</span> {{c2::guérissent}}","Groupe 2 (-ir/-issant). Guérir qqn / guérir d'une maladie."
partir,уезжать,Présent,"<span class=""pronoun"">je</span> {{c1::pars}}<br><span class=""pronoun"">tu</span> {{c1::pars}}<br><span class=""pronoun"">il/elle</span> {{c1::part}}","<span class=""pronoun"">nous</span> {{c2::partons}}<br><span class=""pronoun"">vous</span> {{c2::partez}}<br><span class=""pronoun"">ils/elles</span> {{c2::partent}}","Groupe 3 (-ir sans -issant). ПАТТЕРН partir. Être! À partir de = начиная с."
sortir,выходить,Présent,"<span class=""pronoun"">je</span> {{c1::sors}}<br><span class=""pronoun"">tu</span> {{c1::sors}}<br><span class=""pronoun"">il/elle</span> {{c1::sort}}","<span class=""pronoun"">nous</span> {{c2::sortons}}<br><span class=""pronoun"">vous</span> {{c2::sortez}}<br><span class=""pronoun"">ils/elles</span> {{c2::sortent}}","Groupe 3 (-ir). ПАТТЕРН partir. Être (intrans)! Avoir si transitif: j'ai sorti la poubelle."
dormir,спать,Présent,"<span class=""pronoun"">je</span> {{c1::dors}}<br><span class=""pronoun"">tu</span> {{c1::dors}}<br><span class=""pronoun"">il/elle</span> {{c1::dort}}","<span class=""pronoun"">nous</span> {{c2::dormons}}<br><span class=""pronoun"">vous</span> {{c2::dormez}}<br><span class=""pronoun"">ils/elles</span> {{c2::dorment}}","Groupe 3 (-ir). ПАТТЕРН partir. S'endormir = засыпать (Être!)."
mentir,лгать,Présent,"<span class=""pronoun"">je</span> {{c1::mens}}<br><span class=""pronoun"">tu</span> {{c1::mens}}<br><span class=""pronoun"">il/elle</span> {{c1::ment}}","<span class=""pronoun"">nous</span> {{c2::mentons}}<br><span class=""pronoun"">vous</span> {{c2::mentez}}<br><span class=""pronoun"">ils/elles</span> {{c2::mentent}}","Groupe 3 (-ir). ПАТТЕРН partir. Mentir à qqn."
sentir,чувствовать,Présent,"<span class=""pronoun"">je</span> {{c1::sens}}<br><span class=""pronoun"">tu</span> {{c1::sens}}<br><span class=""pronoun"">il/elle</span> {{c1::sent}}","<span class=""pronoun"">nous</span> {{c2::sentons}}<br><span class=""pronoun"">vous</span> {{c2::sentez}}<br><span class=""pronoun"">ils/elles</span> {{c2::sentent}}","Groupe 3 (-ir). ПАТТЕРН partir. Se sentir bien/mal. Ça sent bon!"
servir,"служить, подавать",Présent,"<span class=""pronoun"">je</span> {{c1::sers}}<br><span class=""pronoun"">tu</span> {{c1::sers}}<br><span class=""pronoun"">il/elle</span> {{c1::sert}}","<span class=""pronoun"">nous</span> {{c2::servons}}<br><span class=""pronoun"">vous</span> {{c2::servez}}<br><span class=""pronoun"">ils/elles</span> {{c2::servent}}","Groupe 3 (-ir). ПАТТЕРН partir. Se servir de = пользоваться. Ça sert à quoi?"
consentir,соглашаться,Présent,"<span class=""pronoun"">je</span> {{c1::consens}}<br><span class=""pronoun"">tu</span> {{c1::consens}}<br><span class=""pronoun"">il/elle</span> {{c1::consent}}","<span class=""pronoun"">nous</span> {{c2::consentons}}<br><span class=""pronoun"">vous</span> {{c2::consentez}}<br><span class=""pronoun"">ils/elles</span> {{c2::consentent}}","Groupe 3 (-ir). Comme sentir. Consentir à + inf."
pressentir,предчувствовать,Présent,"<span class=""pronoun"">je</span> {{c1::pressens}}<br><span class=""pronoun"">tu</span> {{c1::pressens}}<br><span class=""pronoun"">il/elle</span> {{c1::pressent}}","<span class=""pronoun"">nous</span> {{c2::pressentons}}<br><span class=""pronoun"">vous</span> {{c2::pressentez}}<br><span class=""pronoun"">ils/elles</span> {{c2::pressentent}}","Groupe 3 (-ir). Comme sentir."
ressentir,ощущать,Présent,"<span class=""pronoun"">je</span> {{c1::ressens}}<br><span class=""pronoun"">tu</span> {{c1::ressens}}<br><span class=""pronoun"">il/elle</span> {{c1::ressent}}","<span class=""pronoun"">nous</span> {{c2::ressentons}}<br><span class=""pronoun"">vous</span> {{c2::ressentez}}<br><span class=""pronoun"">ils/elles</span> {{c2::ressentent}}","Groupe 3 (-ir). Comme sentir. Ressentir de la douleur."
ressortir,выделяться,Présent,"<span class=""pronoun"">je</span> {{c1::ressors}}<br><span class=""pronoun"">tu</span> {{c1::ressors}}<br><span class=""pronoun"">il/elle</span> {{c1::ressort}}","<span class=""pronoun"">nous</span> {{c2::ressortons}}<br><span class=""pronoun"">vous</span> {{c2::ressortez}}<br><span class=""pronoun"">ils/elles</span> {{c2::ressortent}}","Groupe 3 (-ir). Comme sortir. Être! Il ressort que = из этого следует что."
repartir,уезжать снова,Présent,"<span class=""pronoun"">je</span> {{c1::repars}}<br><span class=""pronoun"">tu</span> {{c1::repars}}<br><span class=""pronoun"">il/elle</span> {{c1::repart}}","<span class=""pronoun"">nous</span> {{c2::repartons}}<br><span class=""pronoun"">vous</span> {{c2::repartez}}<br><span class=""pronoun"">ils/elles</span> {{c2::repartent}}","Groupe 3 (-ir). Comme partir. Être! Repartir à zéro."
endormir,усыплять,Présent,"<span class=""pronoun"">j'</span>{{c1::endors}}<br><span class=""pronoun"">tu</span> {{c1::endors}}<br><span class=""pronoun"">il/elle</span> {{c1::endort}}","<span class=""pronoun"">nous</span> {{c2::endormons}}<br><span class=""pronoun"">vous</span> {{c2::endormez}}<br><span class=""pronoun"">ils/elles</span> {{c2::endorment}}","Groupe 3 (-ir). Comme dormir. S'endormir = засыпать (Être!)."
venir,приходить,Présent,"<span class=""pronoun"">je</span> {{c1::viens}}<br><span class=""pronoun"">tu</span> {{c1::viens}}<br><span class=""pronoun"">il/elle</span> {{c1::vient}}","<span class=""pronoun"">nous</span> {{c2::venons}}<br><span class=""pronoun"">vous</span> {{c2::venez}}<br><span class=""pronoun"">ils/elles</span> {{c2::viennent}}","Groupe 3 (-ir). ПАТТЕРН venir. Être! Venir de + inf = только что."
tenir,держать,Présent,"<span class=""pronoun"">je</span> {{c1::tiens}}<br><span class=""pronoun"">tu</span> {{c1::tiens}}<br><span class=""pronoun"">il/elle</span> {{c1::tient}}","<span class=""pronoun"">nous</span> {{c2::tenons}}<br><span class=""pronoun"">vous</span> {{c2::tenez}}<br><span class=""pronoun"">ils/elles</span> {{c2::tiennent}}","Groupe 3 (-ir). ПАТТЕРН venir. Tenir à = дорожить. Tenir compte de."
devenir,становиться,Présent,"<span class=""pronoun"">je</span> {{c1::deviens}}<br><span class=""pronoun"">tu</span> {{c1::deviens}}<br><span class=""pronoun"">il/elle</span> {{c1::devient}}","<span class=""pronoun"">nous</span> {{c2::devenons}}<br><span class=""pronoun"">vous</span> {{c2::devenez}}<br><span class=""pronoun"">ils/elles</span> {{c2::deviennent}}","Groupe 3 (-ir). Comme venir. Être! Qu'est-ce que tu deviens?"
revenir,возвращаться,Présent,"<span class=""pronoun"">je</span> {{c1::reviens}}<br><span class=""pronoun"">tu</span> {{c1::reviens}}<br><span class=""pronoun"">il/elle</span> {{c1::revient}}","<span class=""pronoun"">nous</span> {{c2::revenons}}<br><span class=""pronoun"">vous</span> {{c2::revenez}}<br><span class=""pronoun"">ils/elles</span> {{c2::reviennent}}","Groupe 3 (-ir). Comme venir. Être! Revenir sur = возвращаться к теме."
se souvenir,помнить,Présent,"<span class=""pronoun"">je</span> {{c1::me souviens}}<br><span class=""pronoun"">tu</span> {{c1::te souviens}}<br><span class=""pronoun"">il/elle</span> {{c1::se souvient}}","<span class=""pronoun"">nous</span> {{c2::nous souvenons}}<br><span class=""pronoun"">vous</span> {{c2::vous souvenez}}<br><span class=""pronoun"">ils/elles</span> {{c2::se souviennent}}","Groupe 3 (-ir). Comme venir. Être! Se souvenir DE qqch/qqn."
prévenir,предупреждать,Présent,"<span class=""pronoun"">je</span> {{c1::préviens}}<br><span class=""pronoun"">tu</span> {{c1::préviens}}<br><span class=""pronoun"">il/elle</span> {{c1::prévient}}","<span class=""pronoun"">nous</span> {{c2::prévenons}}<br><span class=""pronoun"">vous</span> {{c2::prévenez}}<br><span class=""pronoun"">ils/elles</span> {{c2::préviennent}}","Groupe 3 (-ir). Comme venir. AVOIR! Prévenir qqn de qqch."
intervenir,вмешиваться,Présent,"<span class=""pronoun"">j'</span>{{c1::interviens}}<br><span class=""pronoun"">tu</span> {{c1::interviens}}<br><span class=""pronoun"">il/elle</span> {{c1::intervient}}","<span class=""pronoun"">nous</span> {{c2::intervenons}}<br><span class=""pronoun"">vous</span> {{c2::intervenez}}<br><span class=""pronoun"">ils/elles</span> {{c2::interviennent}}","Groupe 3 (-ir). Comme venir. Être!"
obtenir,получать,Présent,"<span class=""pronoun"">j'</span>{{c1::obtiens}}<br><span class=""pronoun"">tu</span> {{c1::obtiens}}<br><span class=""pronoun"">il/elle</span> {{c1::obtient}}","<span class=""pronoun"">nous</span> {{c2::obtenons}}<br><span class=""pronoun"">vous</span> {{c2::obtenez}}<br><span class=""pronoun"">ils/elles</span> {{c2::obtiennent}}","Groupe 3 (-ir). Comme tenir. AVOIR! Obtenir un visa / la citoyenneté."
maintenir,поддерживать,Présent,"<span class=""pronoun"">je</span> {{c1::maintiens}}<br><span class=""pronoun"">tu</span> {{c1::maintiens}}<br><span class=""pronoun"">il/elle</span> {{c1::maintient}}","<span class=""pronoun"">nous</span> {{c2::maintenons}}<br><span class=""pronoun"">vous</span> {{c2::maintenez}}<br><span class=""pronoun"">ils/elles</span> {{c2::maintiennent}}","Groupe 3 (-ir). Comme tenir. AVOIR!"
appartenir,принадлежать,Présent,"<span class=""pronoun"">j'</span>{{c1::appartiens}}<br><span class=""pronoun"">tu</span> {{c1::appartiens}}<br><span class=""pronoun"">il/elle</span> {{c1::appartient}}","<span class=""pronoun"">nous</span> {{c2::appartenons}}<br><span class=""pronoun"">vous</span> {{c2::appartenez}}<br><span class=""pronoun"">ils/elles</span> {{c2::appartiennent}}","Groupe 3 (-ir). Comme tenir. AVOIR! Appartenir à qqn."
retenir,удерживать,Présent,"<span class=""pronoun"">je</span> {{c1::retiens}}<br><span class=""pronoun"">tu</span> {{c1::retiens}}<br><span class=""pronoun"">il/elle</span> {{c1::retient}}","<span class=""pronoun"">nous</span> {{c2::retenons}}<br><span class=""pronoun"">vous</span> {{c2::retenez}}<br><span class=""pronoun"">ils/elles</span> {{c2::retiennent}}","Groupe 3 (-ir). Comme tenir. AVOIR! Retenir = также запоминать."
contenir,содержать,Présent,"<span class=""pronoun"">je</span> {{c1::contiens}}<br><span class=""pronoun"">tu</span> {{c1::contiens}}<br><span class=""pronoun"">il/elle</span> {{c1::contient}}","<span class=""pronoun"">nous</span> {{c2::contenons}}<br><span class=""pronoun"">vous</span> {{c2::contenez}}<br><span class=""pronoun"">ils/elles</span> {{c2::contiennent}}","Groupe 3 (-ir). Comme tenir. AVOIR!"
ouvrir,открывать,Présent,"<span class=""pronoun"">j'</span>{{c1::ouvre}}<br><span class=""pronoun"">tu</span> {{c1::ouvres}}<br><span class=""pronoun"">il/elle</span> {{c1::ouvre}}","<span class=""pronoun"">nous</span> {{c2::ouvrons}}<br><span class=""pronoun"">vous</span> {{c2::ouvrez}}<br><span class=""pronoun"">ils/elles</span> {{c2::ouvrent}}","Groupe 3 (-ir). ПАТТЕРН ouvrir: окончания как -er! PP: ouvert."
couvrir,покрывать,Présent,"<span class=""pronoun"">je</span> {{c1::couvre}}<br><span class=""pronoun"">tu</span> {{c1::couvres}}<br><span class=""pronoun"">il/elle</span> {{c1::couvre}}","<span class=""pronoun"">nous</span> {{c2::couvrons}}<br><span class=""pronoun"">vous</span> {{c2::couvrez}}<br><span class=""pronoun"">ils/elles</span> {{c2::couvrent}}","Groupe 3 (-ir). Comme ouvrir. PP: couvert."
découvrir,обнаруживать,Présent,"<span class=""pronoun"">je</span> {{c1::découvre}}<br><span class=""pronoun"">tu</span> {{c1::découvres}}<br><span class=""pronoun"">il/elle</span> {{c1::découvre}}","<span class=""pronoun"">nous</span> {{c2::découvrons}}<br><span class=""pronoun"">vous</span> {{c2::découvrez}}<br><span class=""pronoun"">ils/elles</span> {{c2::découvrent}}","Groupe 3 (-ir). Comme ouvrir. PP: découvert."
offrir,"предлагать, дарить",Présent,"<span class=""pronoun"">j'</span>{{c1::offre}}<br><span class=""pronoun"">tu</span> {{c1::offres}}<br><span class=""pronoun"">il/elle</span> {{c1::offre}}","<span class=""pronoun"">nous</span> {{c2::offrons}}<br><span class=""pronoun"">vous</span> {{c2::offrez}}<br><span class=""pronoun"">ils/elles</span> {{c2::offrent}}","Groupe 3 (-ir). Comme ouvrir. PP: offert. S'offrir = позволить себе."
souffrir,страдать,Présent,"<span class=""pronoun"">je</span> {{c1::souffre}}<br><span class=""pronoun"">tu</span> {{c1::souffres}}<br><span class=""pronoun"">il/elle</span> {{c1::souffre}}","<span class=""pronoun"">nous</span> {{c2::souffrons}}<br><span class=""pronoun"">vous</span> {{c2::souffrez}}<br><span class=""pronoun"">ils/elles</span> {{c2::souffrent}}","Groupe 3 (-ir). Comme ouvrir. PP: souffert. Souffrir de = страдать от."
accueillir,принимать (гостей),Présent,"<span class=""pronoun"">j'</span>{{c1::accueille}}<br><span class=""pronoun"">tu</span> {{c1::accueilles}}<br><span class=""pronoun"">il/elle</span> {{c1::accueille}}","<span class=""pronoun"">nous</span> {{c2::accueillons}}<br><span class=""pronoun"">vous</span> {{c2::accueillez}}<br><span class=""pronoun"">ils/elles</span> {{c2::accueillent}}","Groupe 3 (-ir). ПАТТЕРН cueillir: окончания как -er! PP: accueilli."
courir,бегать,Présent,"<span class=""pronoun"">je</span> {{c1::cours}}<br><span class=""pronoun"">tu</span> {{c1::cours}}<br><span class=""pronoun"">il/elle</span> {{c1::court}}","<span class=""pronoun"">nous</span> {{c2::courons}}<br><span class=""pronoun"">vous</span> {{c2::courez}}<br><span class=""pronoun"">ils/elles</span> {{c2::courent}}","Groupe 3 (-ir). ПАТТЕРН courir. Futur: je courrai (rr!). PP: couru."
parcourir,"пробегать, просматривать",Présent,"<span class=""pronoun"">je</span> {{c1::parcours}}<br><span class=""pronoun"">tu</span> {{c1::parcours}}<br><span class=""pronoun"">il/elle</span> {{c1::parcourt}}","<span class=""pronoun"">nous</span> {{c2::parcourons}}<br><span class=""pronoun"">vous</span> {{c2::parcourez}}<br><span class=""pronoun"">ils/elles</span> {{c2::parcourent}}","Groupe 3 (-ir). Comme courir. Parcourir un document."
secourir,спасать,Présent,"<span class=""pronoun"">je</span> {{c1::secours}}<br><span class=""pronoun"">tu</span> {{c1::secours}}<br><span class=""pronoun"">il/elle</span> {{c1::secourt}}","<span class=""pronoun"">nous</span> {{c2::secourons}}<br><span class=""pronoun"">vous</span> {{c2::secourez}}<br><span class=""pronoun"">ils/elles</span> {{c2::secourent}}","Groupe 3 (-ir). Comme courir. Les premiers secours."
mourir,умирать,Présent,"<span class=""pronoun"">je</span> {{c1::meurs}}<br><span class=""pronoun"">tu</span> {{c1::meurs}}<br><span class=""pronoun"">il/elle</span> {{c1::meurt}}","<span class=""pronoun"">nous</span> {{c2::mourons}}<br><span class=""pronoun"">vous</span> {{c2::mourez}}<br><span class=""pronoun"">ils/elles</span> {{c2::meurent}}","Groupe 3 (-ir). Уникальный паттерн. Être! Mourir de faim/soif (figuré)."
cueillir,собирать (цветы),Présent,"<span class=""pronoun"">je</span> {{c1::cueille}}<br><span class=""pronoun"">tu</span> {{c1::cueilles}}<br><span class=""pronoun"">il/elle</span> {{c1::cueille}}","<span class=""pronoun"">nous</span> {{c2::cueillons}}<br><span class=""pronoun"">vous</span> {{c2::cueillez}}<br><span class=""pronoun"">ils/elles</span> {{c2::cueillent}}","Groupe 3 (-ir). ПАТТЕРН cueillir: окончания как -er! Futur: je cueillerai."
recueillir,"собирать, приютить",Présent,"<span class=""pronoun"">je</span> {{c1::recueille}}<br><span class=""pronoun"">tu</span> {{c1::recueilles}}<br><span class=""pronoun"">il/elle</span> {{c1::recueille}}","<span class=""pronoun"">nous</span> {{c2::recueillons}}<br><span class=""pronoun"">vous</span> {{c2::recueillez}}<br><span class=""pronoun"">ils/elles</span> {{c2::recueillent}}","Groupe 3 (-ir). Comme cueillir. Recueillir des informations."
assaillir,нападать,Présent,"<span class=""pronoun"">j'</span>{{c1::assaille}}<br><span class=""pronoun"">tu</span> {{c1::assailles}}<br><span class=""pronoun"">il/elle</span> {{c1::assaille}}","<span class=""pronoun"">nous</span> {{c2::assaillons}}<br><span class=""pronoun"">vous</span> {{c2::assaillez}}<br><span class=""pronoun"">ils/elles</span> {{c2::assaillent}}","Groupe 3 (-ir). Comme cueillir. Книжное."
fuir,убегать,Présent,"<span class=""pronoun"">je</span> {{c1::fuis}}<br><span class=""pronoun"">tu</span> {{c1::fuis}}<br><span class=""pronoun"">il/elle</span> {{c1::fuit}}","<span class=""pronoun"">nous</span> {{c2::fuyons}}<br><span class=""pronoun"">vous</span> {{c2::fuyez}}<br><span class=""pronoun"">ils/elles</span> {{c2::fuient}}","Groupe 3 (-ir). ПАТТЕРН fuir: y в nous/vous. Fuir qqn/qqch."
s'enfuir,сбегать,Présent,"<span class=""pronoun"">je</span> {{c1::m'enfuis}}<br><span class=""pronoun"">tu</span> {{c1::t'enfuis}}<br><span class=""pronoun"">il/elle</span> {{c1::s'enfuit}}","<span class=""pronoun"">nous</span> {{c2::nous enfuyons}}<br><span class=""pronoun"">vous</span> {{c2::vous enfuyez}}<br><span class=""pronoun"">ils/elles</span> {{c2::s'enfuient}}","Groupe 3 (-ir). Comme fuir. Être!"
acquérir,приобретать,Présent,"<span class=""pronoun"">j'</span>{{c1::acquiers}}<br><span class=""pronoun"">tu</span> {{c1::acquiers}}<br><span class=""pronoun"">il/elle</span> {{c1::acquiert}}","<span class=""pronoun"">nous</span> {{c2::acquérons}}<br><span class=""pronoun"">vous</span> {{c2::acquérez}}<br><span class=""pronoun"">ils/elles</span> {{c2::acquièrent}}","Groupe 3 (-ir). Уникальный паттерн. PP: acquis. Acquérir de l'expérience."
voir,видеть,Présent,"<span class=""pronoun"">je</span> {{c1::vois}}<br><span class=""pronoun"">tu</span> {{c1::vois}}<br><span class=""pronoun"">il/elle</span> {{c1::voit}}","<span class=""pronoun"">nous</span> {{c2::voyons}}<br><span class=""pronoun"">vous</span> {{c2::voyez}}<br><span class=""pronoun"">ils/elles</span> {{c2::voient}}","Groupe 3 (-oir). ПАТТЕРН voir. On verra! Se voir = видеться."
prévoir,предвидеть,Présent,"<span class=""pronoun"">je</span> {{c1::prévois}}<br><span class=""pronoun"">tu</span> {{c1::prévois}}<br><span class=""pronoun"">il/elle</span> {{c1::prévoit}}","<span class=""pronoun"">nous</span> {{c2::prévoyons}}<br><span class=""pronoun"">vous</span> {{c2::prévoyez}}<br><span class=""pronoun"">ils/elles</span> {{c2::prévoient}}","Groupe 3 (-oir). Comme voir. MAIS futur: je prévoirai (не *préverrai!)."
revoir,пересматривать,Présent,"<span class=""pronoun"">je</span> {{c1::revois}}<br><span class=""pronoun"">tu</span> {{c1::revois}}<br><span class=""pronoun"">il/elle</span> {{c1::revoit}}","<span class=""pronoun"">nous</span> {{c2::revoyons}}<br><span class=""pronoun"">vous</span> {{c2::revoyez}}<br><span class=""pronoun"">ils/elles</span> {{c2::revoient}}","Groupe 3 (-oir). Comme voir. Au revoir!"
entrevoir,смутно видеть,Présent,"<span class=""pronoun"">j'</span>{{c1::entrevois}}<br><span class=""pronoun"">tu</span> {{c1::entrevois}}<br><span class=""pronoun"">il/elle</span> {{c1::entrevoit}}","<span class=""pronoun"">nous</span> {{c2::entrevoyons}}<br><span class=""pronoun"">vous</span> {{c2::entrevoyez}}<br><span class=""pronoun"">ils/elles</span> {{c2::entrevoient}}","Groupe 3 (-oir). Comme voir. Entrevoir une solution."
recevoir,получать,Présent,"<span class=""pronoun"">je</span> {{c1::reçois}}<br><span class=""pronoun"">tu</span> {{c1::reçois}}<br><span class=""pronoun"">il/elle</span> {{c1::reçoit}}","<span class=""pronoun"">nous</span> {{c2::recevons}}<br><span class=""pronoun"">vous</span> {{c2::recevez}}<br><span class=""pronoun"">ils/elles</span> {{c2::reçoivent}}","Groupe 3 (-oir). ПАТТЕРН recevoir: ç перед o. PP: reçu."
apercevoir,замечать,Présent,"<span class=""pronoun"">j'</span>{{c1::aperçois}}<br><span class=""pronoun"">tu</span> {{c1::aperçois}}<br><span class=""pronoun"">il/elle</span> {{c1::aperçoit}}","<span class=""pronoun"">nous</span> {{c2::apercevons}}<br><span class=""pronoun"">vous</span> {{c2::apercevez}}<br><span class=""pronoun"">ils/elles</span> {{c2::aperçoivent}}","Groupe 3 (-oir). Comme recevoir. S'apercevoir de = осознавать."
concevoir,замышлять,Présent,"<span class=""pronoun"">je</span> {{c1::conçois}}<br><span class=""pronoun"">tu</span> {{c1::conçois}}<br><span class=""pronoun"">il/elle</span> {{c1::conçoit}}","<span class=""pronoun"">nous</span> {{c2::concevons}}<br><span class=""pronoun"">vous</span> {{c2::concevez}}<br><span class=""pronoun"">ils/elles</span> {{c2::conçoivent}}","Groupe 3 (-oir). Comme recevoir. Concevoir un projet."
décevoir,разочаровывать,Présent,"<span class=""pronoun"">je</span> {{c1::déçois}}<br><span class=""pronoun"">tu</span> {{c1::déçois}}<br><span class=""pronoun"">il/elle</span> {{c1::déçoit}}","<span class=""pronoun"">nous</span> {{c2::décevons}}<br><span class=""pronoun"">vous</span> {{c2::décevez}}<br><span class=""pronoun"">ils/elles</span> {{c2::déçoivent}}","Groupe 3 (-oir). Comme recevoir. Être déçu = быть разочарованным."
percevoir,воспринимать,Présent,"<span class=""pronoun"">je</span> {{c1::perçois}}<br><span class=""pronoun"">tu</span> {{c1::perçois}}<br><span class=""pronoun"">il/elle</span> {{c1::perçoit}}","<span class=""pronoun"">nous</span> {{c2::percevons}}<br><span class=""pronoun"">vous</span> {{c2::percevez}}<br><span class=""pronoun"">ils/elles</span> {{c2::perçoivent}}","Groupe 3 (-oir). Comme recevoir. Percevoir un salaire."
s'asseoir,садиться,Présent,"<span class=""pronoun"">je</span> {{c1::m'assieds}}<br><span class=""pronoun"">tu</span> {{c1::t'assieds}}<br><span class=""pronoun"">il/elle</span> {{c1::s'assied}}","<span class=""pronoun"">nous</span> {{c2::nous asseyons}}<br><span class=""pronoun"">vous</span> {{c2::vous asseyez}}<br><span class=""pronoun"">ils/elles</span> {{c2::s'asseyent}}","Groupe 3 (-oir). 2 ФОРМЫ! Aussi: je m'assois. Être! Asseyez-vous!"
mouvoir,двигать,Présent,"<span class=""pronoun"">je</span> {{c1::meus}}<br><span class=""pronoun"">tu</span> {{c1::meus}}<br><span class=""pronoun"">il/elle</span> {{c1::meut}}","<span class=""pronoun"">nous</span> {{c2::mouvons}}<br><span class=""pronoun"">vous</span> {{c2::mouvez}}<br><span class=""pronoun"">ils/elles</span> {{c2::meuvent}}","Groupe 3 (-oir). Книжное. Se mouvoir = двигаться. PP: mû/mu."
émouvoir,волновать,Présent,"<span class=""pronoun"">j'</span>{{c1::émeus}}<br><span class=""pronoun"">tu</span> {{c1::émeus}}<br><span class=""pronoun"">il/elle</span> {{c1::émeut}}","<span class=""pronoun"">nous</span> {{c2::émouvons}}<br><span class=""pronoun"">vous</span> {{c2::émouvez}}<br><span class=""pronoun"">ils/elles</span> {{c2::émeuvent}}","Groupe 3 (-oir). Comme mouvoir. S'émouvoir = волноваться. PP: ému."
croire,верить,Présent,"<span class=""pronoun"">je</span> {{c1::crois}}<br><span class=""pronoun"">tu</span> {{c1::crois}}<br><span class=""pronoun"">il/elle</span> {{c1::croit}}","<span class=""pronoun"">nous</span> {{c2::croyons}}<br><span class=""pronoun"">vous</span> {{c2::croyez}}<br><span class=""pronoun"">ils/elles</span> {{c2::croient}}","Groupe 3 (-oir). Croire à/en = верить в. Je crois que oui/non."
boire,пить,Présent,"<span class=""pronoun"">je</span> {{c1::bois}}<br><span class=""pronoun"">tu</span> {{c1::bois}}<br><span class=""pronoun"">il/elle</span> {{c1::boit}}","<span class=""pronoun"">nous</span> {{c2::buvons}}<br><span class=""pronoun"">vous</span> {{c2::buvez}}<br><span class=""pronoun"">ils/elles</span> {{c2::boivent}}","Groupe 3 (-oir). Уникальный паттерн: oi→u. PP: bu."
prendre,брать,Présent,"<span class=""pronoun"">je</span> {{c1::prends}}<br><span class=""pronoun"">tu</span> {{c1::prends}}<br><span class=""pronoun"">il/elle</span> {{c1::prend}}","<span class=""pronoun"">nous</span> {{c2::prenons}}<br><span class=""pronoun"">vous</span> {{c2::prenez}}<br><span class=""pronoun"">ils/elles</span> {{c2::prennent}}","Groupe 3 (-re). ПАТТЕРН prendre. PP: pris. Prendre une décision."
apprendre,учить(ся),Présent,"<span class=""pronoun"">j'</span>{{c1::apprends}}<br><span class=""pronoun"">tu</span> {{c1::apprends}}<br><span class=""pronoun"">il/elle</span> {{c1::apprend}}","<span class=""pronoun"">nous</span> {{c2::apprenons}}<br><span class=""pronoun"">vous</span> {{c2::apprenez}}<br><span class=""pronoun"">ils/elles</span> {{c2::apprennent}}","Groupe 3 (-re). Comme prendre. Apprendre à + inf. Apprendre qqch à qqn."
comprendre,понимать,Présent,"<span class=""pronoun"">je</span> {{c1::comprends}}<br><span class=""pronoun"">tu</span> {{c1::comprends}}<br><span class=""pronoun"">il/elle</span> {{c1::comprend}}","<span class=""pronoun"">nous</span> {{c2::comprenons}}<br><span class=""pronoun"">vous</span> {{c2::comprenez}}<br><span class=""pronoun"">ils/elles</span> {{c2::comprennent}}","Groupe 3 (-re). Comme prendre. Y compris = включая."
entreprendre,предпринимать,Présent,"<span class=""pronoun"">j'</span>{{c1::entreprends}}<br><span class=""pronoun"">tu</span> {{c1::entreprends}}<br><span class=""pronoun"">il/elle</span> {{c1::entreprend}}","<span class=""pronoun"">nous</span> {{c2::entreprenons}}<br><span class=""pronoun"">vous</span> {{c2::entreprenez}}<br><span class=""pronoun"">ils/elles</span> {{c2::entreprennent}}","Groupe 3 (-re). Comme prendre. Un entrepreneur."
surprendre,удивлять,Présent,"<span class=""pronoun"">je</span> {{c1::surprends}}<br><span class=""pronoun"">tu</span> {{c1::surprends}}<br><span class=""pronoun"">il/elle</span> {{c1::surprend}}","<span class=""pronoun"">nous</span> {{c2::surprenons}}<br><span class=""pronoun"">vous</span> {{c2::surprenez}}<br><span class=""pronoun"">ils/elles</span> {{c2::surprennent}}","Groupe 3 (-re). Comme prendre. Être surpris de + inf."
reprendre,возобновлять,Présent,"<span class=""pronoun"">je</span> {{c1::reprends}}<br><span class=""pronoun"">tu</span> {{c1::reprends}}<br><span class=""pronoun"">il/elle</span> {{c1::reprend}}","<span class=""pronoun"">nous</span> {{c2::reprenons}}<br><span class=""pronoun"">vous</span> {{c2::reprenez}}<br><span class=""pronoun"">ils/elles</span> {{c2::reprennent}}","Groupe 3 (-re). Comme prendre. Reprendre le travail."
se méprendre,ошибаться,Présent,"<span class=""pronoun"">je</span> {{c1::me méprends}}<br><span class=""pronoun"">tu</span> {{c1::te méprends}}<br><span class=""pronoun"">il/elle</span> {{c1::se méprend}}","<span class=""pronoun"">nous</span> {{c2::nous méprenons}}<br><span class=""pronoun"">vous</span> {{c2::vous méprenez}}<br><span class=""pronoun"">ils/elles</span> {{c2::se méprennent}}","Groupe 3 (-re). Comme prendre. Être! Se méprendre sur qqch."
mettre,"класть, ставить",Présent,"<span class=""pronoun"">je</span> {{c1::mets}}<br><span class=""pronoun"">tu</span> {{c1::mets}}<br><span class=""pronoun"">il/elle</span> {{c1::met}}","<span class=""pronoun"">nous</span> {{c2::mettons}}<br><span class=""pronoun"">vous</span> {{c2::mettez}}<br><span class=""pronoun"">ils/elles</span> {{c2::mettent}}","Groupe 3 (-re). ПАТТЕРН mettre. PP: mis. Se mettre à = начать."
permettre,позволять,Présent,"<span class=""pronoun"">je</span> {{c1::permets}}<br><span class=""pronoun"">tu</span> {{c1::permets}}<br><span class=""pronoun"">il/elle</span> {{c1::permet}}","<span class=""pronoun"">nous</span> {{c2::permettons}}<br><span class=""pronoun"">vous</span> {{c2::permettez}}<br><span class=""pronoun"">ils/elles</span> {{c2::permettent}}","Groupe 3 (-re). Comme mettre. Permettre à qqn de + inf."
promettre,обещать,Présent,"<span class=""pronoun"">je</span> {{c1::promets}}<br><span class=""pronoun"">tu</span> {{c1::promets}}<br><span class=""pronoun"">il/elle</span> {{c1::promet}}","<span class=""pronoun"">nous</span> {{c2::promettons}}<br><span class=""pronoun"">vous</span> {{c2::promettez}}<br><span class=""pronoun"">ils/elles</span> {{c2::promettent}}","Groupe 3 (-re). Comme mettre. Promettre de + inf."
admettre,допускать,Présent,"<span class=""pronoun"">j'</span>{{c1::admets}}<br><span class=""pronoun"">tu</span> {{c1::admets}}<br><span class=""pronoun"">il/elle</span> {{c1::admet}}","<span class=""pronoun"">nous</span> {{c2::admettons}}<br><span class=""pronoun"">vous</span> {{c2::admettez}}<br><span class=""pronoun"">ils/elles</span> {{c2::admettent}}","Groupe 3 (-re). Comme mettre. Admettre que + indicatif."
soumettre,подчинять,Présent,"<span class=""pronoun"">je</span> {{c1::soumets}}<br><span class=""pronoun"">tu</span> {{c1::soumets}}<br><span class=""pronoun"">il/elle</span> {{c1::soumet}}","<span class=""pronoun"">nous</span> {{c2::soumettons}}<br><span class=""pronoun"">vous</span> {{c2::soumettez}}<br><span class=""pronoun"">ils/elles</span> {{c2::soumettent}}","Groupe 3 (-re). Comme mettre. Se soumettre à = подчиняться."
commettre,совершать,Présent,"<span class=""pronoun"">je</span> {{c1::commets}}<br><span class=""pronoun"">tu</span> {{c1::commets}}<br><span class=""pronoun"">il/elle</span> {{c1::commet}}","<span class=""pronoun"">nous</span> {{c2::commettons}}<br><span class=""pronoun"">vous</span> {{c2::commettez}}<br><span class=""pronoun"">ils/elles</span> {{c2::commettent}}","Groupe 3 (-re). Comme mettre. Commettre une erreur/un crime."
émettre,"излучать, выпускать",Présent,"<span class=""pronoun"">j'</span>{{c1::émets}}<br><span class=""pronoun"">tu</span> {{c1::émets}}<br><span class=""pronoun"">il/elle</span> {{c1::émet}}","<span class=""pronoun"">nous</span> {{c2::émettons}}<br><span class=""pronoun"">vous</span> {{c2::émettez}}<br><span class=""pronoun"">ils/elles</span> {{c2::émettent}}","Groupe 3 (-re). Comme mettre. Émettre une hypothèse."
transmettre,передавать,Présent,"<span class=""pronoun"">je</span> {{c1::transmets}}<br><span class=""pronoun"">tu</span> {{c1::transmets}}<br><span class=""pronoun"">il/elle</span> {{c1::transmet}}","<span class=""pronoun"">nous</span> {{c2::transmettons}}<br><span class=""pronoun"">vous</span> {{c2::transmettez}}<br><span class=""pronoun"">ils/elles</span> {{c2::transmettent}}","Groupe 3 (-re). Comme mettre. Transmettre un message."
battre,бить,Présent,"<span class=""pronoun"">je</span> {{c1::bats}}<br><span class=""pronoun"">tu</span> {{c1::bats}}<br><span class=""pronoun"">il/elle</span> {{c1::bat}}","<span class=""pronoun"">nous</span> {{c2::battons}}<br><span class=""pronoun"">vous</span> {{c2::battez}}<br><span class=""pronoun"">ils/elles</span> {{c2::battent}}","Groupe 3 (-re). ПАТТЕРН battre. PP: battu. Se battre = сражаться."
combattre,сражаться,Présent,"<span class=""pronoun"">je</span> {{c1::combats}}<br><span class=""pronoun"">tu</span> {{c1::combats}}<br><span class=""pronoun"">il/elle</span> {{c1::combat}}","<span class=""pronoun"">nous</span> {{c2::combattons}}<br><span class=""pronoun"">vous</span> {{c2::combattez}}<br><span class=""pronoun"">ils/elles</span> {{c2::combattent}}","Groupe 3 (-re). Comme battre. Combattre contre/pour."
abattre,"сносить, убивать",Présent,"<span class=""pronoun"">j'</span>{{c1::abats}}<br><span class=""pronoun"">tu</span> {{c1::abats}}<br><span class=""pronoun"">il/elle</span> {{c1::abat}}","<span class=""pronoun"">nous</span> {{c2::abattons}}<br><span class=""pronoun"">vous</span> {{c2::abattez}}<br><span class=""pronoun"">ils/elles</span> {{c2::abattent}}","Groupe 3 (-re). Comme battre. S'abattre sur = обрушиться на."
débattre,обсуждать,Présent,"<span class=""pronoun"">je</span> {{c1::débats}}<br><span class=""pronoun"">tu</span> {{c1::débats}}<br><span class=""pronoun"">il/elle</span> {{c1::débat}}","<span class=""pronoun"">nous</span> {{c2::débattons}}<br><span class=""pronoun"">vous</span> {{c2::débattez}}<br><span class=""pronoun"">ils/elles</span> {{c2::débattent}}","Groupe 3 (-re). Comme battre. Débattre de qqch."
vendre,продавать,Présent,"<span class=""pronoun"">je</span> {{c1::vends}}<br><span class=""pronoun"">tu</span> {{c1::vends}}<br><span class=""pronoun"">il/elle</span> {{c1::vend}}","<span class=""pronoun"">nous</span> {{c2::vendons}}<br><span class=""pronoun"">vous</span> {{c2::vendez}}<br><span class=""pronoun"">ils/elles</span> {{c2::vendent}}","Groupe 3 (-re). ПАТТЕРН -dre: il vend (без t!). PP: vendu."
attendre,ждать,Présent,"<span class=""pronoun"">j'</span>{{c1::attends}}<br><span class=""pronoun"">tu</span> {{c1::attends}}<br><span class=""pronoun"">il/elle</span> {{c1::attend}}","<span class=""pronoun"">nous</span> {{c2::attendons}}<br><span class=""pronoun"">vous</span> {{c2::attendez}}<br><span class=""pronoun"">ils/elles</span> {{c2::attendent}}","Groupe 3 (-re). Comme vendre. S'attendre à = ожидать."
entendre,слышать,Présent,"<span class=""pronoun"">j'</span>{{c1::entends}}<br><span class=""pronoun"">tu</span> {{c1::entends}}<br><span class=""pronoun"">il/elle</span> {{c1::entend}}","<span class=""pronoun"">nous</span> {{c2::entendons}}<br><span class=""pronoun"">vous</span> {{c2::entendez}}<br><span class=""pronoun"">ils/elles</span> {{c2::entendent}}","Groupe 3 (-re). Comme vendre. S'entendre (bien) = ладить."
répondre,отвечать,Présent,"<span class=""pronoun"">je</span> {{c1::réponds}}<br><span class=""pronoun"">tu</span> {{c1::réponds}}<br><span class=""pronoun"">il/elle</span> {{c1::répond}}","<span class=""pronoun"">nous</span> {{c2::répondons}}<br><span class=""pronoun"">vous</span> {{c2::répondez}}<br><span class=""pronoun"">ils/elles</span> {{c2::répondent}}","Groupe 3 (-re). Comme vendre. Répondre à qqn/qqch."
perdre,терять,Présent,"<span class=""pronoun"">je</span> {{c1::perds}}<br><span class=""pronoun"">tu</span> {{c1::perds}}<br><span class=""pronoun"">il/elle</span> {{c1::perd}}","<span class=""pronoun"">nous</span> {{c2::perdons}}<br><span class=""pronoun"">vous</span> {{c2::perdez}}<br><span class=""pronoun"">ils/elles</span> {{c2::perdent}}","Groupe 3 (-re). Comme vendre. Perdre du temps / son chemin."
rendre,возвращать,Présent,"<span class=""pronoun"">je</span> {{c1::rends}}<br><span class=""pronoun"">tu</span> {{c1::rends}}<br><span class=""pronoun"">il/elle</span> {{c1::rend}}","<span class=""pronoun"">nous</span> {{c2::rendons}}<br><span class=""pronoun"">vous</span> {{c2::rendez}}<br><span class=""pronoun"">ils/elles</span> {{c2::rendent}}","Groupe 3 (-re). Comme vendre. Se rendre = сдаваться / направляться."
défendre,защищать,Présent,"<span class=""pronoun"">je</span> {{c1::défends}}<br><span class=""pronoun"">tu</span> {{c1::défends}}<br><span class=""pronoun"">il/elle</span> {{c1::défend}}","<span class=""pronoun"">nous</span> {{c2::défendons}}<br><span class=""pronoun"">vous</span> {{c2::défendez}}<br><span class=""pronoun"">ils/elles</span> {{c2::défendent}}","Groupe 3 (-re). Comme vendre. Défendre à qqn de + inf = запрещать."
dépendre,зависеть,Présent,"<span class=""pronoun"">je</span> {{c1::dépends}}<br><span class=""pronoun"">tu</span> {{c1::dépends}}<br><span class=""pronoun"">il/elle</span> {{c1::dépend}}","<span class=""pronoun"">nous</span> {{c2::dépendons}}<br><span class=""pronoun"">vous</span> {{c2::dépendez}}<br><span class=""pronoun"">ils/elles</span> {{c2::dépendent}}","Groupe 3 (-re). Comme vendre. Ça dépend de..."
descendre,спускаться,Présent,"<span class=""pronoun"">je</span> {{c1::descends}}<br><span class=""pronoun"">tu</span> {{c1::descends}}<br><span class=""pronoun"">il/elle</span> {{c1::descend}}","<span class=""pronoun"">nous</span> {{c2::descendons}}<br><span class=""pronoun"">vous</span> {{c2::descendez}}<br><span class=""pronoun"">ils/elles</span> {{c2::descendent}}","Groupe 3 (-re). Comme vendre. Être (intrans)! Québec: débarquer."
suspendre,приостанавливать,Présent,"<span class=""pronoun"">je</span> {{c1::suspends}}<br><span class=""pronoun"">tu</span> {{c1::suspends}}<br><span class=""pronoun"">il/elle</span> {{c1::suspend}}","<span class=""pronoun"">nous</span> {{c2::suspendons}}<br><span class=""pronoun"">vous</span> {{c2::suspendez}}<br><span class=""pronoun"">ils/elles</span> {{c2::suspendent}}","Groupe 3 (-re). Comme vendre. PP: suspendu."
craindre,бояться,Présent,"<span class=""pronoun"">je</span> {{c1::crains}}<br><span class=""pronoun"">tu</span> {{c1::crains}}<br><span class=""pronoun"">il/elle</span> {{c1::craint}}","<span class=""pronoun"">nous</span> {{c2::craignons}}<br><span class=""pronoun"">vous</span> {{c2::craignez}}<br><span class=""pronoun"">ils/elles</span> {{c2::craignent}}","Groupe 3 (-re). ПАТТЕРН -aindre: gn. PP: craint. Craindre de + inf."
plaindre,жалеть,Présent,"<span class=""pronoun"">je</span> {{c1::plains}}<br><span class=""pronoun"">tu</span> {{c1::plains}}<br><span class=""pronoun"">il/elle</span> {{c1::plaint}}","<span class=""pronoun"">nous</span> {{c2::plaignons}}<br><span class=""pronoun"">vous</span> {{c2::plaignez}}<br><span class=""pronoun"">ils/elles</span> {{c2::plaignent}}","Groupe 3 (-re). Comme craindre. Se plaindre de = жаловаться на."
contraindre,принуждать,Présent,"<span class=""pronoun"">je</span> {{c1::contrains}}<br><span class=""pronoun"">tu</span> {{c1::contrains}}<br><span class=""pronoun"">il/elle</span> {{c1::contraint}}","<span class=""pronoun"">nous</span> {{c2::contraignons}}<br><span class=""pronoun"">vous</span> {{c2::contraignez}}<br><span class=""pronoun"">ils/elles</span> {{c2::contraignent}}","Groupe 3 (-re). Comme craindre. Contraindre qqn à + inf."
peindre,рисовать,Présent,"<span class=""pronoun"">je</span> {{c1::peins}}<br><span class=""pronoun"">tu</span> {{c1::peins}}<br><span class=""pronoun"">il/elle</span> {{c1::peint}}","<span class=""pronoun"">nous</span> {{c2::peignons}}<br><span class=""pronoun"">vous</span> {{c2::peignez}}<br><span class=""pronoun"">ils/elles</span> {{c2::peignent}}","Groupe 3 (-re). ПАТТЕРН -eindre: gn. PP: peint. Un peintre."
atteindre,достигать,Présent,"<span class=""pronoun"">j'</span>{{c1::atteins}}<br><span class=""pronoun"">tu</span> {{c1::atteins}}<br><span class=""pronoun"">il/elle</span> {{c1::atteint}}","<span class=""pronoun"">nous</span> {{c2::atteignons}}<br><span class=""pronoun"">vous</span> {{c2::atteignez}}<br><span class=""pronoun"">ils/elles</span> {{c2::atteignent}}","Groupe 3 (-re). Comme peindre. Atteindre un objectif / CLB 7!"
éteindre,гасить,Présent,"<span class=""pronoun"">j'</span>{{c1::éteins}}<br><span class=""pronoun"">tu</span> {{c1::éteins}}<br><span class=""pronoun"">il/elle</span> {{c1::éteint}}","<span class=""pronoun"">nous</span> {{c2::éteignons}}<br><span class=""pronoun"">vous</span> {{c2::éteignez}}<br><span class=""pronoun"">ils/elles</span> {{c2::éteignent}}","Groupe 3 (-re). Comme peindre. Éteindre la lumière."
feindre,притворяться,Présent,"<span class=""pronoun"">je</span> {{c1::feins}}<br><span class=""pronoun"">tu</span> {{c1::feins}}<br><span class=""pronoun"">il/elle</span> {{c1::feint}}","<span class=""pronoun"">nous</span> {{c2::feignons}}<br><span class=""pronoun"">vous</span> {{c2::feignez}}<br><span class=""pronoun"">ils/elles</span> {{c2::feignent}}","Groupe 3 (-re). Comme peindre. Feindre de + inf."
teindre,красить,Présent,"<span class=""pronoun"">je</span> {{c1::teins}}<br><span class=""pronoun"">tu</span> {{c1::teins}}<br><span class=""pronoun"">il/elle</span> {{c1::teint}}","<span class=""pronoun"">nous</span> {{c2::teignons}}<br><span class=""pronoun"">vous</span> {{c2::teignez}}<br><span class=""pronoun"">ils/elles</span> {{c2::teeignent}}","Groupe 3 (-re). Comme peindre. Se teindre les cheveux."
joindre,присоединять,Présent,"<span class=""pronoun"">je</span> {{c1::joins}}<br><span class=""pronoun"">tu</span> {{c1::joins}}<br><span class=""pronoun"">il/elle</span> {{c1::joint}}","<span class=""pronoun"">nous</span> {{c2::joignons}}<br><span class=""pronoun"">vous</span> {{c2::joignez}}<br><span class=""pronoun"">ils/elles</span> {{c2::joignent}}","Groupe 3 (-re). ПАТТЕРН -oindre: gn. Ci-joint = в приложении."
rejoindre,присоединяться,Présent,"<span class=""pronoun"">je</span> {{c1::rejoins}}<br><span class=""pronoun"">tu</span> {{c1::rejoins}}<br><span class=""pronoun"">il/elle</span> {{c1::rejoint}}","<span class=""pronoun"">nous</span> {{c2::rejoignons}}<br><span class=""pronoun"">vous</span> {{c2::rejoignez}}<br><span class=""pronoun"">ils/elles</span> {{c2::rejoignent}}","Groupe 3 (-re). Comme joindre. Rejoindre qqn = встретиться с кем-то."
connaître,"знать (человека, место)",Présent,"<span class=""pronoun"">je</span> {{c1::connais}}<br><span class=""pronoun"">tu</span> {{c1::connais}}<br><span class=""pronoun"">il/elle</span> {{c1::connaît}}","<span class=""pronoun"">nous</span> {{c2::connaissons}}<br><span class=""pronoun"">vous</span> {{c2::connaissez}}<br><span class=""pronoun"">ils/elles</span> {{c2::connaissent}}","Groupe 3 (-re). ПАТТЕРН -aître. PP: connu. ≠ savoir."
reconnaître,узнавать,Présent,"<span class=""pronoun"">je</span> {{c1::reconnais}}<br><span class=""pronoun"">tu</span> {{c1::reconnais}}<br><span class=""pronoun"">il/elle</span> {{c1::reconnaît}}","<span class=""pronoun"">nous</span> {{c2::reconnaissons}}<br><span class=""pronoun"">vous</span> {{c2::reconnaissez}}<br><span class=""pronoun"">ils/elles</span> {{c2::reconnaissent}}","Groupe 3 (-re). Comme connaître. Reconnaître = также признавать."
paraître,казаться,Présent,"<span class=""pronoun"">je</span> {{c1::parais}}<br><span class=""pronoun"">tu</span> {{c1::parais}}<br><span class=""pronoun"">il/elle</span> {{c1::paraît}}","<span class=""pronoun"">nous</span> {{c2::paraissons}}<br><span class=""pronoun"">vous</span> {{c2::paraissez}}<br><span class=""pronoun"">ils/elles</span> {{c2::paraissent}}","Groupe 3 (-re). Comme connaître. Il paraît que = говорят что."
apparaître,появляться,Présent,"<span class=""pronoun"">j'</span>{{c1::apparais}}<br><span class=""pronoun"">tu</span> {{c1::apparais}}<br><span class=""pronoun"">il/elle</span> {{c1::apparaît}}","<span class=""pronoun"">nous</span> {{c2::apparaissons}}<br><span class=""pronoun"">vous</span> {{c2::apparaissez}}<br><span class=""pronoun"">ils/elles</span> {{c2::apparaissent}}","Groupe 3 (-re). Comme connaître. Être! Il apparaît que = оказывается что."
disparaître,исчезать,Présent,"<span class=""pronoun"">je</span> {{c1::disparais}}<br><span class=""pronoun"">tu</span> {{c1::disparais}}<br><span class=""pronoun"">il/elle</span> {{c1::disparaît}}","<span class=""pronoun"">nous</span> {{c2::disparaissons}}<br><span class=""pronoun"">vous</span> {{c2::disparaissez}}<br><span class=""pronoun"">ils/elles</span> {{c2::disparaissent}}","Groupe 3 (-re). Comme connaître. Être (чаще) / Avoir."
naître,рождаться,Présent,"<span class=""pronoun"">je</span> {{c1::nais}}<br><span class=""pronoun"">tu</span> {{c1::nais}}<br><span class=""pronoun"">il/elle</span> {{c1::naît}}","<span class=""pronoun"">nous</span> {{c2::naissons}}<br><span class=""pronoun"">vous</span> {{c2::naissez}}<br><span class=""pronoun"">ils/elles</span> {{c2::naissent}}","Groupe 3 (-re). Comme connaître. Être! PP: né. Je suis né(e) en..."
conduire,водить,Présent,"<span class=""pronoun"">je</span> {{c1::conduis}}<br><span class=""pronoun"">tu</span> {{c1::conduis}}<br><span class=""pronoun"">il/elle</span> {{c1::conduit}}","<span class=""pronoun"">nous</span> {{c2::conduisons}}<br><span class=""pronoun"">vous</span> {{c2::conduisez}}<br><span class=""pronoun"">ils/elles</span> {{c2::conduisent}}","Groupe 3 (-re). ПАТТЕРН -uire. PP: conduit. Un permis de conduire."
produire,производить,Présent,"<span class=""pronoun"">je</span> {{c1::produis}}<br><span class=""pronoun"">tu</span> {{c1::produis}}<br><span class=""pronoun"">il/elle</span> {{c1::produit}}","<span class=""pronoun"">nous</span> {{c2::produisons}}<br><span class=""pronoun"">vous</span> {{c2::produisez}}<br><span class=""pronoun"">ils/elles</span> {{c2::produisent}}","Groupe 3 (-re). Comme conduire. Se produire = происходить."
construire,строить,Présent,"<span class=""pronoun"">je</span> {{c1::construis}}<br><span class=""pronoun"">tu</span> {{c1::construis}}<br><span class=""pronoun"">il/elle</span> {{c1::construit}}","<span class=""pronoun"">nous</span> {{c2::construisons}}<br><span class=""pronoun"">vous</span> {{c2::construisez}}<br><span class=""pronoun"">ils/elles</span> {{c2::construisent}}","Groupe 3 (-re). Comme conduire. La construction."
détruire,разрушать,Présent,"<span class=""pronoun"">je</span> {{c1::détruis}}<br><span class=""pronoun"">tu</span> {{c1::détruis}}<br><span class=""pronoun"">il/elle</span> {{c1::détruit}}","<span class=""pronoun"">nous</span> {{c2::détruisons}}<br><span class=""pronoun"">vous</span> {{c2::détruisez}}<br><span class=""pronoun"">ils/elles</span> {{c2::détruisent}}","Groupe 3 (-re). Comme conduire. La destruction."
traduire,переводить,Présent,"<span class=""pronoun"">je</span> {{c1::traduis}}<br><span class=""pronoun"">tu</span> {{c1::traduis}}<br><span class=""pronoun"">il/elle</span> {{c1::traduit}}","<span class=""pronoun"">nous</span> {{c2::traduisons}}<br><span class=""pronoun"">vous</span> {{c2::traduisez}}<br><span class=""pronoun"">ils/elles</span> {{c2::traduisent}}","Groupe 3 (-re). Comme conduire. La traduction."
introduire,вводить,Présent,"<span class=""pronoun"">j'</span>{{c1::introduis}}<br><span class=""pronoun"">tu</span> {{c1::introduis}}<br><span class=""pronoun"">il/elle</span> {{c1::introduit}}","<span class=""pronoun"">nous</span> {{c2::introduisons}}<br><span class=""pronoun"">vous</span> {{c2::introduisez}}<br><span class=""pronoun"">ils/elles</span> {{c2::introduisent}}","Groupe 3 (-re). Comme conduire. S'introduire = проникать."
écrire,писать,Présent,"<span class=""pronoun"">j'</span>{{c1::écris}}<br><span class=""pronoun"">tu</span> {{c1::écris}}<br><span class=""pronoun"">il/elle</span> {{c1::écrit}}","<span class=""pronoun"">nous</span> {{c2::écrivons}}<br><span class=""pronoun"">vous</span> {{c2::écrivez}}<br><span class=""pronoun"">ils/elles</span> {{c2::écrivent}}","Groupe 3 (-re). ПАТТЕРН écrire. PP: écrit. S'écrire = писать друг другу."
décrire,описывать,Présent,"<span class=""pronoun"">je</span> {{c1::décris}}<br><span class=""pronoun"">tu</span> {{c1::décris}}<br><span class=""pronoun"">il/elle</span> {{c1::décrit}}","<span class=""pronoun"">nous</span> {{c2::décrivons}}<br><span class=""pronoun"">vous</span> {{c2::décrivez}}<br><span class=""pronoun"">ils/elles</span> {{c2::décrivent}}","Groupe 3 (-re). Comme écrire. Une description."
inscrire,записывать,Présent,"<span class=""pronoun"">j'</span>{{c1::inscris}}<br><span class=""pronoun"">tu</span> {{c1::inscris}}<br><span class=""pronoun"">il/elle</span> {{c1::inscrit}}","<span class=""pronoun"">nous</span> {{c2::inscrivons}}<br><span class=""pronoun"">vous</span> {{c2::inscrivez}}<br><span class=""pronoun"">ils/elles</span> {{c2::inscrivent}}","Groupe 3 (-re). Comme écrire. S'inscrire = записываться."
prescrire,предписывать,Présent,"<span class=""pronoun"">je</span> {{c1::prescris}}<br><span class=""pronoun"">tu</span> {{c1::prescris}}<br><span class=""pronoun"">il/elle</span> {{c1::prescrit}}","<span class=""pronoun"">nous</span> {{c2::prescrivons}}<br><span class=""pronoun"">vous</span> {{c2::prescrivez}}<br><span class=""pronoun"">ils/elles</span> {{c2::prescrivent}}","Groupe 3 (-re). Comme écrire. Une prescription médicale."
lire,читать,Présent,"<span class=""pronoun"">je</span> {{c1::lis}}<br><span class=""pronoun"">tu</span> {{c1::lis}}<br><span class=""pronoun"">il/elle</span> {{c1::lit}}","<span class=""pronoun"">nous</span> {{c2::lisons}}<br><span class=""pronoun"">vous</span> {{c2::lisez}}<br><span class=""pronoun"">ils/elles</span> {{c2::lisent}}","Groupe 3 (-re). ПАТТЕРН lire. PP: lu."
élire,избирать,Présent,"<span class=""pronoun"">j'</span>{{c1::élis}}<br><span class=""pronoun"">tu</span> {{c1::élis}}<br><span class=""pronoun"">il/elle</span> {{c1::élit}}","<span class=""pronoun"">nous</span> {{c2::élisons}}<br><span class=""pronoun"">vous</span> {{c2::élisez}}<br><span class=""pronoun"">ils/elles</span> {{c2::élisent}}","Groupe 3 (-re). Comme lire. PP: élu. Les élections."
relire,перечитывать,Présent,"<span class=""pronoun"">je</span> {{c1::relis}}<br><span class=""pronoun"">tu</span> {{c1::relis}}<br><span class=""pronoun"">il/elle</span> {{c1::relit}}","<span class=""pronoun"">nous</span> {{c2::relisons}}<br><span class=""pronoun"">vous</span> {{c2::relisez}}<br><span class=""pronoun"">ils/elles</span> {{c2::relisent}}","Groupe 3 (-re). Comme lire."
vivre,жить,Présent,"<span class=""pronoun"">je</span> {{c1::vis}}<br><span class=""pronoun"">tu</span> {{c1::vis}}<br><span class=""pronoun"">il/elle</span> {{c1::vit}}","<span class=""pronoun"">nous</span> {{c2::vivons}}<br><span class=""pronoun"">vous</span> {{c2::vivez}}<br><span class=""pronoun"">ils/elles</span> {{c2::vivent}}","Groupe 3 (-re). ПАТТЕРН vivre. PP: vécu. Vive le Québec!"
survivre,выживать,Présent,"<span class=""pronoun"">je</span> {{c1::survis}}<br><span class=""pronoun"">tu</span> {{c1::survis}}<br><span class=""pronoun"">il/elle</span> {{c1::survit}}","<span class=""pronoun"">nous</span> {{c2::survivons}}<br><span class=""pronoun"">vous</span> {{c2::survivez}}<br><span class=""pronoun"">ils/elles</span> {{c2::survivent}}","Groupe 3 (-re). Comme vivre. Survivre à qqch."
revivre,оживать,Présent,"<span class=""pronoun"">je</span> {{c1::revis}}<br><span class=""pronoun"">tu</span> {{c1::revis}}<br><span class=""pronoun"">il/elle</span> {{c1::revit}}","<span class=""pronoun"">nous</span> {{c2::revivons}}<br><span class=""pronoun"">vous</span> {{c2::revivez}}<br><span class=""pronoun"">ils/elles</span> {{c2::revivent}}","Groupe 3 (-re). Comme vivre. Faire revivre = возрождать."
suivre,следовать,Présent,"<span class=""pronoun"">je</span> {{c1::suis}}<br><span class=""pronoun"">tu</span> {{c1::suis}}<br><span class=""pronoun"">il/elle</span> {{c1::suit}}","<span class=""pronoun"">nous</span> {{c2::suivons}}<br><span class=""pronoun"">vous</span> {{c2::suivez}}<br><span class=""pronoun"">ils/elles</span> {{c2::suivent}}","Groupe 3 (-re). ПАТТЕРН suivre. PP: suivi. Suivre un cours. À suivre..."
poursuivre,преследовать,Présent,"<span class=""pronoun"">je</span> {{c1::poursuis}}<br><span class=""pronoun"">tu</span> {{c1::poursuis}}<br><span class=""pronoun"">il/elle</span> {{c1::poursuit}}","<span class=""pronoun"">nous</span> {{c2::poursuivons}}<br><span class=""pronoun"">vous</span> {{c2::poursuivez}}<br><span class=""pronoun"">ils/elles</span> {{c2::poursuivent}}","Groupe 3 (-re). Comme suivre. Poursuivre = также продолжать."
rire,смеяться,Présent,"<span class=""pronoun"">je</span> {{c1::ris}}<br><span class=""pronoun"">tu</span> {{c1::ris}}<br><span class=""pronoun"">il/elle</span> {{c1::rit}}","<span class=""pronoun"">nous</span> {{c2::rions}}<br><span class=""pronoun"">vous</span> {{c2::riez}}<br><span class=""pronoun"">ils/elles</span> {{c2::rient}}","Groupe 3 (-re). ПАТТЕРН rire. PP: ri. Rire de = смеяться над."
sourire,улыбаться,Présent,"<span class=""pronoun"">je</span> {{c1::souris}}<br><span class=""pronoun"">tu</span> {{c1::souris}}<br><span class=""pronoun"">il/elle</span> {{c1::sourit}}","<span class=""pronoun"">nous</span> {{c2::sourions}}<br><span class=""pronoun"">vous</span> {{c2::souriez}}<br><span class=""pronoun"">ils/elles</span> {{c2::sourient}}","Groupe 3 (-re). Comme rire. Sourire à qqn."
plaire,нравиться,Présent,"<span class=""pronoun"">je</span> {{c1::plais}}<br><span class=""pronoun"">tu</span> {{c1::plais}}<br><span class=""pronoun"">il/elle</span> {{c1::plaît}}","<span class=""pronoun"">nous</span> {{c2::plaisons}}<br><span class=""pronoun"">vous</span> {{c2::plaisez}}<br><span class=""pronoun"">ils/elles</span> {{c2::plaisent}}","Groupe 3 (-re). ПАТТЕРН plaire. PP: plu. S'il vous plaît!"
se taire,молчать,Présent,"<span class=""pronoun"">je</span> {{c1::me tais}}<br><span class=""pronoun"">tu</span> {{c1::te tais}}<br><span class=""pronoun"">il/elle</span> {{c1::se tait}}","<span class=""pronoun"">nous</span> {{c2::nous taisons}}<br><span class=""pronoun"">vous</span> {{c2::vous taisez}}<br><span class=""pronoun"">ils/elles</span> {{c2::se taisent}}","Groupe 3 (-re). Comme plaire MAIS sans î: il se tait. Être! Tais-toi!"
conclure,заключать,Présent,"<span class=""pronoun"">je</span> {{c1::conclus}}<br><span class=""pronoun"">tu</span> {{c1::conclus}}<br><span class=""pronoun"">il/elle</span> {{c1::conclut}}","<span class=""pronoun"">nous</span> {{c2::concluons}}<br><span class=""pronoun"">vous</span> {{c2::concluez}}<br><span class=""pronoun"">ils/elles</span> {{c2::concluent}}","Groupe 3 (-re). ПАТТЕРН conclure. PP: conclu. En conclusion..."
exclure,исключать,Présent,"<span class=""pronoun"">j'</span>{{c1::exclus}}<br><span class=""pronoun"">tu</span> {{c1::exclus}}<br><span class=""pronoun"">il/elle</span> {{c1::exclut}}","<span class=""pronoun"">nous</span> {{c2::excluons}}<br><span class=""pronoun"">vous</span> {{c2::excluez}}<br><span class=""pronoun"">ils/elles</span> {{c2::excluent}}","Groupe 3 (-re). Comme conclure. PP: exclu. Y compris / non compris."
résoudre,решать (проблему),Présent,"<span class=""pronoun"">je</span> {{c1::résous}}<br><span class=""pronoun"">tu</span> {{c1::résous}}<br><span class=""pronoun"">il/elle</span> {{c1::résout}}","<span class=""pronoun"">nous</span> {{c2::résolvons}}<br><span class=""pronoun"">vous</span> {{c2::résolvez}}<br><span class=""pronoun"">ils/elles</span> {{c2::résolvent}}","Groupe 3 (-re). Уникальный паттерн. PP: résolu. Se résoudre à = решиться."
coudre,шить,Présent,"<span class=""pronoun"">je</span> {{c1::couds}}<br><span class=""pronoun"">tu</span> {{c1::couds}}<br><span class=""pronoun"">il/elle</span> {{c1::coud}}","<span class=""pronoun"">nous</span> {{c2::cousons}}<br><span class=""pronoun"">vous</span> {{c2::cousez}}<br><span class=""pronoun"">ils/elles</span> {{c2::cousent}}","Groupe 3 (-re). Уникальный паттерн. PP: cousu. Une machine à coudre."
moudre,молоть,Présent,"<span class=""pronoun"">je</span> {{c1::mouds}}<br><span class=""pronoun"">tu</span> {{c1::mouds}}<br><span class=""pronoun"">il/elle</span> {{c1::moud}}","<span class=""pronoun"">nous</span> {{c2::moulons}}<br><span class=""pronoun"">vous</span> {{c2::moulez}}<br><span class=""pronoun"">ils/elles</span> {{c2::moulent}}","Groupe 3 (-re). Уникальный паттерн. PP: moulu. Café moulu."
se lever,вставать,Présent,"<span class=""pronoun"">je</span> {{c1::me lève}}<br><span class=""pronoun"">tu</span> {{c1::te lèves}}<br><span class=""pronoun"">il/elle</span> {{c1::se lève}}","<span class=""pronoun"">nous</span> {{c2::nous levons}}<br><span class=""pronoun"">vous</span> {{c2::vous levez}}<br><span class=""pronoun"">ils/elles</span> {{c2::se lèvent}}","Возвратный. Comme lever. Être! Je me suis levé(e) à 7h."
se coucher,ложиться,Présent,"<span class=""pronoun"">je</span> {{c1::me couche}}<br><span class=""pronoun"">tu</span> {{c1::te couches}}<br><span class=""pronoun"">il/elle</span> {{c1::se couche}}","<span class=""pronoun"">nous</span> {{c2::nous couchons}}<br><span class=""pronoun"">vous</span> {{c2::vous couchez}}<br><span class=""pronoun"">ils/elles</span> {{c2::se couchent}}","Возвратный. Groupe 1 (-er). Être! Le coucher du soleil."
s'appeler,называться,Présent,"<span class=""pronoun"">je</span> {{c1::m'appelle}}<br><span class=""pronoun"">tu</span> {{c1::t'appelles}}<br><span class=""pronoun"">il/elle</span> {{c1::s'appelle}}","<span class=""pronoun"">nous</span> {{c2::nous appelons}}<br><span class=""pronoun"">vous</span> {{c2::vous appelez}}<br><span class=""pronoun"">ils/elles</span> {{c2::s'appellent}}","Возвратный. Comme appeler. Être! Comment vous appelez-vous?"
se débrouiller,справляться,Présent,"<span class=""pronoun"">je</span> {{c1::me débrouille}}<br><span class=""pronoun"">tu</span> {{c1::te débrouilles}}<br><span class=""pronoun"">il/elle</span> {{c1::se débrouille}}","<span class=""pronoun"">nous</span> {{c2::nous débrouillons}}<br><span class=""pronoun"">vous</span> {{c2::vous débrouillez}}<br><span class=""pronoun"">ils/elles</span> {{c2::se débrouillent}}","Возвратный. Groupe 1 (-er). Être! Québec: très utilisé! Débrouillard."
se promener,гулять,Présent,"<span class=""pronoun"">je</span> {{c1::me promène}}<br><span class=""pronoun"">tu</span> {{c1::te promènes}}<br><span class=""pronoun"">il/elle</span> {{c1::se promène}}","<span class=""pronoun"">nous</span> {{c2::nous promenons}}<br><span class=""pronoun"">vous</span> {{c2::vous promenez}}<br><span class=""pronoun"">ils/elles</span> {{c2::se promènent}}","Возвратный. Comme mener (e→è). Être! Une promenade."
se réveiller,просыпаться,Présent,"<span class=""pronoun"">je</span> {{c1::me réveille}}<br><span class=""pronoun"">tu</span> {{c1::te réveilles}}<br><span class=""pronoun"">il/elle</span> {{c1::se réveille}}","<span class=""pronoun"">nous</span> {{c2::nous réveillons}}<br><span class=""pronoun"">vous</span> {{c2::vous réveillez}}<br><span class=""pronoun"">ils/elles</span> {{c2::se réveillent}}","Возвратный. Groupe 1 (-er). Être! Un réveil = будильник."
s'habiller,одеваться,Présent,"<span class=""pronoun"">je</span> {{c1::m'habille}}<br><span class=""pronoun"">tu</span> {{c1::t'habilles}}<br><span class=""pronoun"">il/elle</span> {{c1::s'habille}}","<span class=""pronoun"">nous</span> {{c2::nous habillons}}<br><span class=""pronoun"">vous</span> {{c2::vous habillez}}<br><span class=""pronoun"">ils/elles</span> {{c2::s'habillent}}","Возвратный. Groupe 1 (-er). Être! Se déshabiller = раздеваться."
se dépêcher,торопиться,Présent,"<span class=""pronoun"">je</span> {{c1::me dépêche}}<br><span class=""pronoun"">tu</span> {{c1::te dépêches}}<br><span class=""pronoun"">il/elle</span> {{c1::se dépêche}}","<span class=""pronoun"">nous</span> {{c2::nous dépêchons}}<br><span class=""pronoun"">vous</span> {{c2::vous dépêchez}}<br><span class=""pronoun"">ils/elles</span> {{c2::se dépêchent}}","Возвратный. Groupe 1 (-er). Être! Dépêche-toi!"
se rendre compte,осознавать,Présent,"<span class=""pronoun"">je</span> {{c1::me rends compte}}<br><span class=""pronoun"">tu</span> {{c1::te rends compte}}<br><span class=""pronoun"">il/elle</span> {{c1::se rend compte}}","<span class=""pronoun"">nous</span> {{c2::nous rendons compte}}<br><span class=""pronoun"">vous</span> {{c2::vous rendez compte}}<br><span class=""pronoun"">ils/elles</span> {{c2::se rendent compte}}","Возвратный. Expression figée. Être! Se rendre compte DE qqch."
interdire,запрещать,Présent,"<span class=""pronoun"">j'</span>{{c1::interdis}}<br><span class=""pronoun"">tu</span> {{c1::interdis}}<br><span class=""pronoun"">il/elle</span> {{c1::interdit}}","<span class=""pronoun"">nous</span> {{c2::interdisons}}<br><span class=""pronoun"">vous</span> {{c2::interdisez}}<br><span class=""pronoun"">ils/elles</span> {{c2::interdisent}}","Groupe 3 (-re). Comme dire MAIS vous interdisez (не *interdites!). PP: interdit."
prédire,предсказывать,Présent,"<span class=""pronoun"">je</span> {{c1::prédis}}<br><span class=""pronoun"">tu</span> {{c1::prédis}}<br><span class=""pronoun"">il/elle</span> {{c1::prédit}}","<span class=""pronoun"">nous</span> {{c2::prédisons}}<br><span class=""pronoun"">vous</span> {{c2::prédisez}}<br><span class=""pronoun"">ils/elles</span> {{c2::prédisent}}","Groupe 3 (-re). Comme dire MAIS vous prédisez. Une prédiction."
contredire,противоречить,Présent,"<span class=""pronoun"">je</span> {{c1::contredis}}<br><span class=""pronoun"">tu</span> {{c1::contredis}}<br><span class=""pronoun"">il/elle</span> {{c1::contredit}}","<span class=""pronoun"">nous</span> {{c2::contredisons}}<br><span class=""pronoun"">vous</span> {{c2::contredisez}}<br><span class=""pronoun"">ils/elles</span> {{c2::contredisent}}","Groupe 3 (-re). Comme dire MAIS vous contredisez. Se contredire."
suffire,быть достаточным,Présent,"<span class=""pronoun"">je</span> {{c1::suffis}}<br><span class=""pronoun"">tu</span> {{c1::suffis}}<br><span class=""pronoun"">il/elle</span> {{c1::suffit}}","<span class=""pronoun"">nous</span> {{c2::suffisons}}<br><span class=""pronoun"">vous</span> {{c2::suffisez}}<br><span class=""pronoun"">ils/elles</span> {{c2::suffisent}}","Groupe 3 (-re). PP: suffi. Il suffit de + inf = достаточно. Ça suffit!"
nuire,вредить,Présent,"<span class=""pronoun"">je</span> {{c1::nuis}}<br><span class=""pronoun"">tu</span> {{c1::nuis}}<br><span class=""pronoun"">il/elle</span> {{c1::nuit}}","<span class=""pronoun"">nous</span> {{c2::nuisons}}<br><span class=""pronoun"">vous</span> {{c2::nuisez}}<br><span class=""pronoun"">ils/elles</span> {{c2::nuisent}}","Groupe 3 (-re). Comme conduire. PP: nui (invariable!). Nuire à qqn/qqch."
luire,светить,Présent,"<span class=""pronoun"">je</span> {{c1::luis}}<br><span class=""pronoun"">tu</span> {{c1::luis}}<br><span class=""pronoun"">il/elle</span> {{c1::luit}}","<span class=""pronoun"">nous</span> {{c2::luisons}}<br><span class=""pronoun"">vous</span> {{c2::luisez}}<br><span class=""pronoun"">ils/elles</span> {{c2::luisent}}","Groupe 3 (-re). Comme conduire. PP: lui. Reluire = блестеть."
cuire,готовить (варить),Présent,"<span class=""pronoun"">je</span> {{c1::cuis}}<br><span class=""pronoun"">tu</span> {{c1::cuis}}<br><span class=""pronoun"">il/elle</span> {{c1::cuit}}","<span class=""pronoun"">nous</span> {{c2::cuisons}}<br><span class=""pronoun"">vous</span> {{c2::cuisez}}<br><span class=""pronoun"">ils/elles</span> {{c2::cuisent}}","Groupe 3 (-re). Comme conduire. PP: cuit. La cuisine. Bien cuit/saignant."
séduire,соблазнять,Présent,"<span class=""pronoun"">je</span> {{c1::séduis}}<br><span class=""pronoun"">tu</span> {{c1::séduis}}<br><span class=""pronoun"">il/elle</span> {{c1::séduit}}","<span class=""pronoun"">nous</span> {{c2::séduisons}}<br><span class=""pronoun"">vous</span> {{c2::séduisez}}<br><span class=""pronoun"">ils/elles</span> {{c2::séduisent}}","Groupe 3 (-re). Comme conduire. PP: séduit. Séduisant = привлекательный."
réduire,уменьшать,Présent,"<span class=""pronoun"">je</span> {{c1::réduis}}<br><span class=""pronoun"">tu</span> {{c1::réduis}}<br><span class=""pronoun"">il/elle</span> {{c1::réduit}}","<span class=""pronoun"">nous</span> {{c2::réduisons}}<br><span class=""pronoun"">vous</span> {{c2::réduisez}}<br><span class=""pronoun"">ils/elles</span> {{c2::réduisent}}","Groupe 3 (-re). Comme conduire. PP: réduit. Une réduction."
inclure,включать,Présent,"<span class=""pronoun"">j'</span>{{c1::inclus}}<br><span class=""pronoun"">tu</span> {{c1::inclus}}<br><span class=""pronoun"">il/elle</span> {{c1::inclut}}","<span class=""pronoun"">nous</span> {{c2::incluons}}<br><span class=""pronoun"">vous</span> {{c2::incluez}}<br><span class=""pronoun"">ils/elles</span> {{c2::incluent}}","Groupe 3 (-re). Comme conclure MAIS PP: inclus (с s!). Y compris = включая."
convaincre,убеждать,Présent,"<span class=""pronoun"">je</span> {{c1::convaincs}}<br><span class=""pronoun"">tu</span> {{c1::convaincs}}<br><span class=""pronoun"">il/elle</span> {{c1::convainc}}","<span class=""pronoun"">nous</span> {{c2::convainquons}}<br><span class=""pronoun"">vous</span> {{c2::convainquez}}<br><span class=""pronoun"">ils/elles</span> {{c2::convainquent}}","Groupe 3 (-re). Уникальный паттерн: c→qu. PP: convaincu. Convaincre qqn de + inf."
