word,pos,definition
Abatis,n.m.,Terrain partiellement dessouché.
Abrier,vt.,Couvrir un enfant.
Accise,n.f.,Impôt indirect.
Acéricole,adj.,Relatif à l'exploitation d'une érablière pour la production de sirop.
"Acériculteur, Trice",n.,Personne qui exploite une érablière.
Acétaminophène,n.m.,Paracétamol.
"Achalant, E",adj et n.,"Importun, ennuyeux."
Achaler,vt.,"Importuner, ennuyer."
Achigan,n.m.,Black-bass (poisson).
Adon,n.m.,"Coïncidence, hasard."
Aérobique,n.m ou f.,(Ou AÉROBIC).
"Affiant, E",n.,Personne qui fait une déclaration sous serment.
"Agressant, E",adj.,Stressant.
Aidance,n.f.,Fait d’aider une personne dépendante.
Amancher,vt.,"Tromper, duper."
Amateure,adj.,Féminin d'amateur.
"Anovulant, E",adj et n.m.,Contraceptif.
Aplomber,vt.,Mettre d'aplomb.
Applet,n.m. inf.,(Ou APPELETTE) Petit programme interactif.
Aréna,n.m.,Établissement où se trouve une piste de patinage.
Assermentation,n.f.,Prestation de serment.
Assesseure,n.f.,Féminin de assesseur.
Ataca,n.m.,(Ou ATOCA) Baie de l'atocatier.
Attiner,vt. fam.,"En Acadie, taquiner."
Attoquer,vt. fam.,"En Acadie, placer (une chose) contre une autre."
Attriquer,v.pr.,S'attifer.
Autocueillette,n.f.,Cueillette pratiquée par le consommateur.
Autopatrouille,n.f.,Véhicule de police.
Avionnerie,n.f.,Usine d'avions.
Avironner,vi.,Pagayer.
Babiche,n.f.,Lanière de peau traitée à la manière amérindienne.
Babillard,n.m.,Tableau d'affichage.
Baboune,n.f.,"Lèvre inférieure, moue."
Bagosse,n.f.,Alcool de mauvaise qualité fabriqué clandestinement.
Balado,1. n.m.,Podcast.
Baladodiffusion,n.f.,Podcasting.
Balloune,n.f. fam.,(Ou BALOUNE) Petit ballon gonflable. - Éthylotest.
Bardasser,vt.,"(Ou BERDASSER) Bousculer, secouer."
Barrure,n.f.,Verrou.
Bâsir,vt.,"En Acadie, disparaître, cacher."
Bassinette,n.f.,"Lit d'enfant, à barreaux."
Batture,n.f.,Partie du rivage découverte à marée basse.
Bavardoir,n.m.,Forum de discussion sur internet.
Bazou,n.m.,Vieille automobile.
Bébelle,n.f. fam.,Jouet. - Babiole.
Bébite,n.f.,"(Ou BIBITE, BIBITTE) Insecte."
Bébitte,n.f.,(Ou BÉBITE...).
Bec,n.m.,Fam. Baiser.
Bécosses,n.f.pl.,Toilettes.
Beigne,n.m.,Rondelle de pâte frite saupoudrée de sucre.
Beignerie,n.f.,Fabrique de beignets.
"Berçant, E",adj et n.f.,Fauteuil à bascule.
Bicycle,n.m.,Fam. Bicyclette; motocyclette.
Bidou,n.m. fam.,"Billet de banque, argent."
Binerie,n.f.,Établissement commercial de peu d'importance.
Blanchon,n.m.,Petit du phoque.
Bleuet,n.m.,Baie du bleuetier.
Bleueterie,n.f.,Usine de conditionnement des bleuets.
Blonde,n.f.,Petite amie.
Bobettes,n.f.pl.,"Fam. Sous-vêtement féminin ou masculin habillant le corps, de la taille au haut des cuisses."
Boire,n.m.,Tétée.
Boucane,n.f.,Fam. Fumée.
Bouette,n.f.,Fam. Boue : Jouer dans la bouette.
"Bougonneux, Euse",adj.,Bougonneur.
Bougrine,n.f.,Veste doublée.
Bourgot,n.m.,Escargot de mer.
Bourrasser,vt.,"Rudoyer, bousculer."
Bouscueil,n.m.,Amoncellement chaotique de glaces.
"Branleux, Euse",n. et adj.,Personne qui tergiverse.
Braoule,n.f. vx.,Grosse cuillère.
Brayon,n.m.,"En Acadie, chiffon."
Breffage,n.m.,Briefing.
Breffer,vt.,Briefer.
"Bretteux, Euse",n. et adj.,Personne qui perd son temps.
Broue,n.f.,"Mousse, écume."
Brûlement,n.m.,Sensation de forte chaleur ou d'irritation; brûlure : Des brûlements d'estomac.
Brunante,n.f.,Crépuscule.
Cabaler,vt.,Tenter de gagner qqn à une cause. - Organiser une manoeuvre secrète contre qqn.
Cajun,adj et n.m.,"(= CADIEN, CADJIN) Relatif aux Cajuns, à leur culture."
Caller,vt.,Diriger une danse folklorique en appelant les figures.
"Calleur, Euse",n.,Meneur de danses folkloriques.
Camelot,n.,Personne qui distribue les journaux à domicile.
Canotable,adj.,Propice au canotage.
Canter,vt.,"Pencher, incliner un objet."
Caquiste,adj. et n.,(Membre) de la Coalition Avenir Québec (CAQ).
"Carreauté, E",adj.,Se dit d'un tissu ou d'une étoffe à carreaux.
Cassot,n.m.,Petit cageot.
Catalogne,n.f.,Étoffe tissée d'une façon artisanale.
Catiner,vt.,"Jouer à la poupée, dorloter."
Caucus,n.m.,Réunion de stratégie des parlementaires d'un même parti.
Cédrière,n.f.,Lieu planté de cèdres.
Cégep,n.m.,Collège d'enseignement général et professionnel.
"Cégépien, Enne",n.,Élève fréquentant un cégep.
Cenellier,n.m.,(Ou SENELLIER) Aubépine.
Cenne,n.f.,Pièce de monnaie.
Censeure,n.f.,Féminin de censeur.
Chalin,n.m.,Éclair de chaleur.
"Chambranlant, E",adj.,Branlant.
Chambranler,vi.,Chanceler.
"Chambreur, Euse",n.,Locataire d'une chambre chez un particulier.
Champleure,n.f.,(Ou CHAMPLURE) Robinet.
Chaudasse,adj.,Qui est légèrement ivre.
Chaudierée,n.f.,Contenu d'un seau.
"Chèrant, E",adj.,Qui vend trop cher.
Chialage,n.m. fam.,"Jérémiade, critique."
"Chialeux, Euse",adj et n. fam.,Chialeur.
Chicouté,n.f.,"Plante, fruit des tourbières."
Chiro,n.m.,Chiropraticien.
Chiropratique,n.f.,Chiropraxie.
Chocolatine,n.f.,Pain au chocolat.
Chopine,n.f.,Mesure de capacité.
Chum,n.,"Ami, amoureux, conjoint."
Cinéparc,n.m.,Cinéma en plein air.
Cipaille,n.m.,Mélange de gibier et de pomme de terre.
Clavarder,vi.,Dialoguer sur internet.
Colletailler,v.pr.,Se chamailler.
"Colleux, Euse",adj.,"Câlin, affectueux."
Cométique,n.m.,Traîneau tiré par des chiens.
Commentariat,n.m.,"Dans les médias, ensemble des personnes qui analysent et commentent l’actualité."
Compétitionner,vi.,Être en compétition.
Condo,n.m.,Appartement dans un immeuble en copropriété.
Conventum,n.m.,Réunion d'anciens élèves d'une même promotion.
Copossesseure,n.f.,Féminin de copossesseur.
"Copossesseur, Euse",n.,Féminin de copossesseur.
Coquerelle,n.f.,Blatte.
Coqueron,n.m.,Fam. Logement exigu.
Coquetel,n.m.,Cocktail.
Cossin,n.m.,Babiole.
"Couetté, E",adj.,Ébouriffé.
Couraillage,n.m.,Action de courailler.
"Courailleur, Euse",adj et n.,Qui couraille.
Courriel,n.m.,Mot-valise forgé à partir des mots « COURRIer » et « ÉLectronique ».
Cramper,vt.,Braquer les roues d'une voiture.
Crapet,n.m.,Poisson d'eau douce au corps très coloré.
Créditiste,n.,Partisan de la doctrine du crédit social.
Cretons,n.m.pl.,Charcuterie généralement constituée de viande de porc hachée.
Croche,adj.,1 - Courbe; crochu; voûté : Des jambes croches. 2 - Qui n'est pas droit : Un mur croche. 3 - Fig. Malhonnête : Un homme d'affaires croche.
Crochir,vt.,"Courber, tordre."
Croustille,n.f.,Chips.
Cuirette,n.f.,Similicuir.
Débarbouillette,n.f.,Pièce de tissu-éponge pour la toilette.
Débenture,n.f. fin.,Obligation non garantie.
Débossage,n.m.,Action de débosseler.
"Débosseleur, Euse",n.,"Carrossier, tôlier."
Débosser,vt.,Débosseler.
"Décrocheur, Euse",n.,Élève qui abandonne ses études.
Dégêner,vt.,Mettre à l'aise.
Déniaiser,vt.,1 - Rendre moins niais. 2 - Faire perdre à quelqu'un son innocence en matière sexuelle. 3 - Détourner quelqu'un de ses devoirs; le débaucher.
Denturologie,n.f.,Technique de la prothèse dentaire.
Denturologiste,n.,Prothésiste dentaire.
Dépanneur,n.m.,Petite épicerie de proximité dont les heures d'ouverture excèdent celles des autres commerces.
Déparler,vi.,Parler inconsidérément; dire n'importe quoi.
Dépendamment /,adv.,Selon.
Désâmer,v.pr.,Se donner beaucoup de mal.
Désennui,n.m.,Action de désennuyer. - Distraction.
Dévierger,vt. fam.,Déflorer.
Dézoner,vt. pol.,Changer un territoire de zone.
Diachylon,n.m.,Petit pansement adhésif.
Diététiste,n.,Diététicien.
Disable,adj.,"N'être pas disable : être indescriptible, excessif."
Divulgâcher,vt.,Spoiler.
Douance,n.f.,Qualité d'une personne douée.
"Doubleur, Euse",n.,Redoublant.
Drave,n.f.,Flottage du bois.
Draver,vt.,Transporter du bois par flottage.
"Draveur, Euse",n.,Ouvrier qui fait la drave.
Écartiller,vt.,Écarter (des parties du corps).
Écharogner,vt.,Couper maladroitement.
Échiffer,vt.,Effilocher.
Échouerie,n.f.,Rivage où se rassemblent phoques et otaries.
Écocentre,n.m.,Centre où l'on peut déposer des déchets.
Écoeuranterie,n.f.,"Parole, action répugnante."
Écourticher,vt.,Couper un vêtement trop court.
Écrapoutir,vt.,Écraser.
Efface,n.f.,Gomme à effacer.
Éloise,n.f.,"En Acadie, éclair d'orage."
Embâcler,vt.,Embarrasser.
Emboucaner,vt.,Enfumer.
Embourrer,vt et v.pr.,Envelopper; empaqueter. - S'envelopper; se blottir.
Embouveter,vt.,(J’embouvète ou j’embouvette) Assembler des pièces de bois munies de rainures et de languettes.
Emmieuter,vt.,"Rendre meilleur, changer en mieux."
Empilade,n.f. sp.,Entassement pêle-mêle.
Encalmer,v.pr. mar.,(Ou ENCALMINER) S'immobiliser par manque de vent.
Encanter,vt.,Vendre aux enchères.
"Encanteur, Euse",n.,Commissaire-priseur.
Endisquer,vt.,Enregistrer sur un disque.
Endormitoire,n.f.,Envie de dormir.
Enfarger,vt.,Faire trébucher.
Enfirouaper,vt.,"Emberlificoter, tromper."
"Ennuyant, E",adj.,Ennuyeux.
"Épeurant, E",adj.,Qui fait peur.
Épeurer,vt.,Faire peur à quelqu'un; effrayer.
Épinette,n.f.,Épicéa.
Épivarder,vt.,"S'agiter, faire le fou."
Épluchette,n.f.,"Réunion, fête."
Étriver,vt.,Taquiner.
Évacher,v.pr. fam.,S'affaler. - S'avachir.
"Évaluateur, Trice",n.,Personne qui évalue un bien.
Extrant,n.m. inf.,Donnée en sortie.
Falle /,n.f.,Avoir la falle basse : avoir grand-faim.
Fardoches,n.f.pl.,Broussailles.
Farlouche,n.f.,(Ou FERLOUCHE) Garniture pour tarte.
Félix,n.m.,Récompense musicale.
Fifi,n.m.,Homosexuel.
Flânage,n.m.,Flânerie.
Flanelette,n.f.,Finette.
Forçail /,loc.,Au forçail : à la rigueur.
Francisme,n.m.,Tournure propre au français de France.
Francophoniser,vt.,Amener un organisme à employer plus de francophones.
Frasil,n.m.,Pellicule de glace qui se forme sur l'eau.
Frédéric,n.m.,Bruant à gorge blanche.
"Fret, Frette",adj.,Fam. Froid; très froid : Se baigner dans l'eau frette.
Frimasser,vt.,Produire du givre. - Se frimasser : se couvrir de givre.
Frolic,n.m.,"En Acadie, grande fête populaire."
Fruitages,n.m.pl.,Petits fruits comestibles qui poussent à l'état sauvage.
Fudge,n.m.,Confiserie fondante aromatisée au chocolat.
Gadelier,n.m.,(Ou GADELLIER) Arbuste qui produit des gadelles.
Gadelle,n.f.,Groseille.
Galipote,n.f.,"Courir la galipote, chercher des aventures galantes."
Garnotte,n.f.,Gravier.
Garrocher,vt.,Lancer.
"Gaspareau, X",n.m.,Petit poisson marin d’Amérique du Nord. - Alose.
Gazou,n.m.,Instrument de musique folklorique.
Giguer,vt.,Exécuter une danse comme une gigue.
"Glaciel, Elle",adj et n.m.,Relatif aux glaces flottantes.
"Godé, E",adj.,"Vêtement, jupe à godets."
Godendart,n.m.,Grosse scie.
Gorgoton,n.m.,Gosier.
Gosser,vt.,Travailler le bois avec un couteau.
Gougoune,n.f.,Tong.
Gourgane,n.f.,Fève des marais.
Grafigner,vt.,Égratigner.
Gribiche,n.f.,Femme acariâtre.
Grignotine,n.f.,Amuse-gueule salé.
Grilladerie,n.f.,Rôtisserie.
Gripette,n.m.,Enfant coléreux.
Guédille,n.f.,Hotdog garni de salade.
Guenillou,n.m.,Personne mal habillée.
Guidoune,n.f.,"Femme facile, prostituée."
Guignolée,n.f.,Quête effectuée pendant les fêtes.
Habit,n.m.,"Habit de neige, vêtement d'extérieur, porté surtout par les enfants, couvrant tout le corps et destiné à protéger du froid."
Hameçonnage,n.m.,"Technique de fraude par courriel, basée sur l'usurpation d'identité de banques ou d'entreprises commerciales, afin d'obtenir de particuliers des renseignements confidentiels."
Hivernement,n.m.,Action d'hiverner.
Huard,n.m. zool.,(Ou HUART) Plongeon arctique.
Humidex,n.m et adj.,Indice météorologique exprimant l'effet combiné (chaleur-humidité).
Hydrangée,n.f.,(Ou HYDRANGÉA).
Icitte /,adv. fam.,Ici.
"Idéateur, Trice",1. n.,Concepteur.
Infolettre,n.f.,(Ou NEWSLETTER).
Inhalothérapie,n.f.,Traitement des fonctions cardio-respiratoires.
Initialer,vt.,Parapher.
"Intermodal, E, Aux",adj.,Relatif à plusieurs modes de transport.
Intrant,n.m. inf.,Donnée en entrée.
Ivressomètre,n.m.,Éthylotest.
Jarnigoine,n.f.,Intelligence.
"Jasant, E",adj.,Qui aime jaser.
Jaser,vt.,Raconter.
Jasette,n.f.,Causerie informelle.
Jello,n.m.,Gelée à saveur de fruits.
"Joual, E",n.m et adj.,"(pl. JOUALS, JOUAUX) Argot franco-anglais parlé au Québec."
Joujouthèque,n.f.,Ludothèque.
Jubilaire,n.,"Personne qui fête un jubilé, un anniversaire."
Kayakable,adj.,Où l'on peut faire du kayak.
Kiosque,n.m.,"Stand, notamment dans une exposition, une foire."
Laveuse,n.f.,Lave-linge.
Léotard,n.m.,Maillot de danse.
"Lettreur, Euse",n.,Graphiste spécialisé dans l'écriture des panneaux et des enseignes.
Lousse,adj.,"Non serré, lâche."
Lyrer,vi.,Pleurnicher longtemps sur le même ton.
"Magané, E",adj.,Fam. 1 - Détérioré; usé. 2 - Fatigué; épuisé; malade.
Maganer,vt.,"User, détériorer."
Magasiner,vt.,"Acheter au meilleur prix, en visitant plusieurs magasins."
"Magasineur, Euse",n.,Personne qui magasine.
"Malendurant, E",adj.,Impatient.
"Malengueulé, E",adj et n. fam.,Malappris.
"Malin, Igne",adj et n.,1 - Méchant; dangereux. 2 - Coléreux; irascible.
Malpèque,n.f.,Variété d'huîtres.
Malpropre,adj et n.,Qui manque de propreté; sale. - Qui manque de décence; obscène.
Marchette,n.f.,Siège roulant pour bébés.
Maskinongé,n.m.,Brochet.
Massothérapeute,n.,Professionnel paramédical exerçant la massothérapie.
Massothérapie,n.f.,Ensemble des traitements qui utilisent le massage à des fins thérapeutiques.
"Mêlant, E",adj.,Qui embrouille.
Mémérer,vi.,Bavarder.
Menterie,n.f.,Mensonge.
"Mentor, E",n.,"Personne expérimentée qui contribue, bénévolement ou non, au développement personnel ou professionnel d'un débutant."
Mentorat,n.m.,Aide apportée par un mentor.
"Mentoré, E",n.,Personne qui bénéficie de l'aide d'un mentor.
"Mésadapté, E",n. et adj.,Personne présentant des difficultés d'adaptation à son milieu; inadapté.
Microbrasserie,n.f.,Brasserie artisanale.
Millage,n.m.,Distance en milles.
Minoucher,vt.,Caresser.
Minoune,n.f.,Vieille voiture.
Mitan,n.m.,Milieu; centre : Le mitan du lit.
Mordée,n.f.,"Bouchée, morsure."
"Motivateur, Trice",adj et n.,"(Conférencier, animateur) qui motive."
Motomarine,n.f.,Scooter des mers.
Motoneige,n.f.,Petit véhicule à chenilles ayant des skis à l'avant.
Motton,n.m.,Grumeau.
Mousser,vt.,Promouvoir.
Nanane,n.m.,(= NANANNE) Bonbon. – Bonne chose destinée à amadouer.
Nananne,n.m.,(= NANANE) Bonbon. – Bonne chose destinée à amadouer.
Narcomane,n.,Toxicomane.
Niaisage,n.m.,"Perte de temps, flânerie."
Niaiser,vt.,Ridiculiser. - Faire l'idiot.
"Niaiseux, Euse",adj et n.,"Niais, sot."
"Nolisé, E",adj.,Affrété; loué.
"Nono, Nonote",adj et n. fam.,"Niais, imbécile."
Nordicité,n.f.,"Caractère nordique d'un lieu, d'une région."
Nouc,n.m.,"(Ou NOUCLE) En Acadie, noeud."
Nounoune,adj et n.f. fam.,Un peu niais.
"Obstineur, Euse",adj et n.,Qui s'obstine.
Oka,n.m.,"Fromage québécois à pâte ferme, proche du Port-Salut français."
Orthopédagogie,n.f.,Ensemble des principes et des méthodes pédagogiques visant à remédier aux troubles d'apprentissage chez les élèves en difficulté ou handicapés.
Ouache /,interj.,Exprime le dégoût.
Ouananiche,n.f.,Saumon d'eau douce.
Ouch /,interj.,Exprime la douleur.
Pantoute /,adv. fam.,Pas du tout.
Paravoile,n.m. ou f.,Parachutisme ascensionnel nautique.
Parcomètre,n.m.,Parcmètre.
Parlable,adj.,Personne d'un abord facile.
Parlure,n.f.,"Façon de s'exprimer propre à quelqu'un, à un groupe."
Pasteure,n.f.,Féminin de pasteur.
Patarafe,n.f.,"Affront, injure."
Patenter,vt.,Fam. Réparer sommairement; bricoler.
"Patenteux, Euse",adj et n.,Se dit d'un bricoleur ingénieux.
"Patroneux, Euse",n.,Personne qui pratique le patronage.
Peignure,n.f.,Coiffure.
Pembina,n.m.,Ou PIMBINA) Fruit de l'obier.
Pépine,n.f.,Excavatrice.
Pepperoni,n.m.,Saucisson épicé fait de viande de boeuf et de porc.
Péquiste,adj et n.,Membre du parti québécois.
Perchaude,n.f.,Perche d'eau douce.
Physiatre,n.,Médecin traitant les troubles locomoteurs.
Physiatrie,n.f.,Branche de la médecine qui prévient et traite les troubles de l'appareil locomoteur.
Piastre,n.f.,Billet de un dollar.
Pichenotte,n.f.,Pichenette.
Pichou,n.m.,Mocassin.
Picosser,vt.,Picorer.
Picouille,n.f.,"Cheval maigre, haridelle."
Pigouiller,vt.,"En Acadie, tisonner."
Pinotte,n.f. fam.,Peanut.
Piquerie,n.f.,Lieu où l'on se drogue.
"Piqueteur, Euse",n.,Personne qui participe à un piquet de grève.
Pitonner,vt.,Zapper.
"Pitonneux, Euse",n.,Zappeur.
Pitou,n.m.,Chien. - Terme affectueux.
Placotage,n.m.,Fam. Action de placoter; bavardage; médisance.
Placoter,vt.,Raconter.
"Plaignard, E",adj et n.,Geignard.
Planchodrome,n.m.,Skatepark.
Plaquebière,n.f.,"Ronce, petit mûrier."
Plugiciel,n.m. inf.,Logiciel qui associe de nouvelles fonctions à une application.
Podiatre,n.,Pédicure.
Podiatrie,n.f.,Branche de la médecine qui étudie et traite les anomalies et les affections du pied.
Podiatrique,adj.,Relatif à la podiatrie.
Podorythmie,n.f.,Art de produire un rythme avec ses pieds.
Pogner,vt. fam.,Attraper.
Poigner,vt.,Saisir.
Polyvalente,n.f.,École secondaire publique où sont dispensés à la fois un enseignement général et un enseignement professionnel.
Pommetier,n.m.,(= POMMETTIER) Pommier de petite taille.
Pommettier,n.m.,(= POMMETIER) Pommier de petite taille.
Poquer,vt.,"Marquer de coups, meurtrir."
Portager,vt.,Porter une embarcation là où on ne peut naviguer.
Possesseure,n.f.,Féminin de possesseur.
Poucer,vi.,Faire de l'autostop.
"Pouceur, Euse",n.,Autostoppeur.
Poulamon,n.m.,Petit poisson des chenaux.
Pourriel,n.m. inf.,Courriel publicitaire non sollicité.
Pourvoirie,n.f.,Entreprise au service des chasseurs et des pêcheurs.
Poutine,n.f.,Frites au fromage.
Précurseure,adj.f et n.f.,Féminin de précurseur.
Prédécesseure,n.f.,Féminin de prédécesseur.
Présentement,adv.,Maintenant; à présent.
"Procureur, E",n.,Avocat ou toute autre personne chargée de représenter quelqu'un en justice par procuration et d'agir en son nom.
Prusse,n.m.,"En Acadie, épicéa."
Publiciel,n.m. inf.,Logiciel public.
Quahog,n.m. zool.,Clam.
Québéciser,vt.,Doter d'une identité ou d'une spécificité québécoise.
Quétaine,adj.,De mauvais goût.
Quétainerie,n.f.,Action quétaine.
"Quêteux, Euse",adj et n.,Mendiant.
"Quilleur, Euse",n.,Joueur de quilles.
Rabaska,n.m.,Grand canot d’écorce.
Rabiole,n.f.,Variété de navet blanc.
Raboudiner,vt. fam.,Rafistoler.
"Raccompagnateur, Trice",n.,"Personne qui reconduit qqn à son domicile, par sécurité."
Raccompagnement,n.m.,"Action de reconduire quelqu'un à son domicile, pour des raisons de sécurité."
Radioroman,n.m.,Feuilleton radiophonique.
Rafaler,vt.,Souffler en rafales.
Ramancher,vt. fam.,Rafistoler.
"Ramancheur, Euse",n.,"Guérisseur, rebouteux."
Rapailler,vt. fam.,Rassembler des objets épars.
Raplomber,v.pr.,Retrouver son équilibre.
"Ratoureur, Euse",adj et n. fam.,"Rusé, malin."
"Recevant, E",adj.,"Accueilllant, hospitalier."
Recherchiste,n.,Documentaliste.
Reculon,n.m.,Pellicule qui se détache de la peau autour des ongles.
Registraire,n.,Employé administratif dans un établissement d'enseignement.
Relationniste,n.,Spécialiste des relations publiques.
Relish,n.f.,Condiment aux cornichons.
Renforcir,vt. fam.,Fortifier.
Renipper,vt.,Embellir.
Renoter,vt.,Rabâcher.
Rescaper,vt.,Sauver d'un danger.
Retiger,vi.,Produire de nouvelles tiges.
Retontir,vi.,Réapparaître - Rebondir.
Revirer,vt.,Retourner.
Réviseure,n.f.,"(Nouveau féminin de RÉVISEUR, EUSE)."
Ringuette,n.f.,Sport collectif féminin proche du hockey sur glace.
Robine,n.f.,Alcool dénaturé.
"Robineux, Euse",n.,Clochard qui boit de la robine.
Roquille,n.f.,Mesure de capacité.
"Rousselé, E",adj et n.,Parsemé de taches de rousseur.
Rousseler,vt.,(Je rousselle...) Se couvrir de taches de rousseur.
Rye,n.m.,Whisky canadien à base de seigle.
"Sacrant, E",adj. fam.,Contrariant.
Sacre,n.m.,"Blasphème, juron issu du vocabulaire religieux."
Sacrer,vi.,Blasphémer.
Sapinage,n.m.,Branches de conifère.
Saucette,n.f.,Baignade rapide.
Savane,n.f.,"Terrain bas et humide, souvent marécageux, impropre à la culture."
"Séraphin, E",adj.,Avare.
Siffleux,n.m.,Marmotte.
Siler,vi.,Produire un son aigu.
Sloche,n.f.,(Ou SLUSH) Neige fondante souvent mêlée de sel ou de sable.
"Snoreau, X",n.m.,Enfant espiègle.
Solage,n.m.,"Fondations, assise d'une maison."
"Songé, E",adj. fam.,"Réfléchi, intelligent."
Souffleuse,n.f.,Chasse-neige muni d'un dispositif qui projette la neige à distance.
"Soûlon, Onne",n. et adj.,Ivrogne.
Soupane,n.f.,Bouillie de farine d'avoine.
Souque,n.f.,"Souque à la corde, jeu où deux équipes tirent un câble chacune de leur côté pour entraîner l'adversaire; fig., épreuve de force."
"Soutenant, E",adj.,Nourrissant.
Soya,n.m.,Soja.
Sparage,n.f. fam.,Gesticulation ridicule.
Subler,vt.,"En Acadie, siffler."
Subpoena,n.m. dr.,Assignation.
Surtemps,n.m.,Temps de travail fourni en supplément des heures normales.
Syntonisateur,n.m.,Syntoniseur.
Tabagiste,n.,Marchand de tabac.
Tabletter,vt.,Enterrer un dossier.
Tapissage,n.m.,Pose du papier peint.
Tapocher,vt.,Frapper.
Taponner,vt.,"Manipuler, palper."
Tartinade,n.f.,Préparation pour tartines.
Tataouiner,vi. fam.,Tergiverser.
Taxage,n.m.,Action d'extorquer.
Téléavertisseur,n.m.,Appareil de radiomessagerie.
"Téléjournal, Aux",n.m.,Journal télévisé.
Téléroman,n.m.,Feuilleton télévisé.
Téléuniversité,n.f.,Université qui enseigne à distance.
Terrazzo,n.m.,Procédé de revêtement.
Tet,n.m.,"Tet à brebis, bergerie. - Tet à cochons, porcherie. - Tet à poules, poulailler."
"Téteux, Euse",adj et n. fam.,Flatteur.
Texter,vt.,(Ou TEXTOTER) Communiquer par texto.
Tiger,vt.,Produire des tiges.
Tiguidou /,adv. fam.,"Très bien, parfait."
Tire,n.f.,Friandise faite d'une pâte de sucre refroidie et étirée après cuisson.
"Tocson, Onne",adj et n.,"Têtu, rude."
Toler,vt.,Recouvrir de tôles.
Touladi,n.m.,Grande truite d'eau douce.
Toutou,n.m.,"Animal en peluche, dans le langage enfantin."
Traînerie,n.f.,Objet laissé à la traîne.
"Traîneux, Euse",adj et n.,Traînard.
Trappage,n.m.,Piégeage d’animaux sauvages.
Trapper,vt.,Chasser les animaux à fourrure.
"Travaillant, E",n. et adj.,Ouvrier.
Traversier,n.m.,Bac.
Trempette,n.f.,Sauce assaisonnée dans laquelle on trempe des crudités.
Tricoler,vi.,"En Acadie, tituber."
"Tripant, E",adj.,Ou TRIPPANT) Très excitant.
"Troupier, Ère",n.,Membre d'une équipe sportive.
Tuque,n.f.,Bonnet de laine orné d'un pompon.
Turluter,vt.,Chantonner.
"Turluteur, Euse",n.,Personne qui chantonne.
"Unifamilial, E, Aux",adj.,Habitation à l'usage d'une seule femme.
Urgentologue,n.,Urgentiste.
Vacher,vt.,Paresser.
Vainqueure,adj.f et n.f.,Féminin de vainqueur.
Valdrague /,n.f.,"A la valdrague : en Acadie, à l'abandon."
Vaser,v.pr.,Se couvrir de vase.
"Versant, E",adj.,Qui chavire facilement.
Virailler,vi.,Tourner en tous sens.
"Virailleur, Euse",n.,Personne qui perd son temps au travail.
Visionnement,n.m.,Visionnage.
Visou /,n.m.,Avoir du visou : être adroit.
Vivoir,n.m.,Salle de séjour.
"Vlimeux, Euse",adj et n. fam.,Espiègle.
Voyagement,n.m.,(= VOYAGEAGE) Ensemble d'allées et venues.
Webcaméra,n.f.,Webcam.
Woh /,interj. fam.,C'est assez.
Zec,n.f.,Zone de chasse et de pêche contrôlée par l'État.
Zigonner,vi. fam.,Hésiter.
Zirable,adj.,"En Acadie, dégoûtant."
Zire,n.f.,"Faire zire : En Acadie, dégoûter."
Zucchini,n.m.,Courgette.
"Abitibien, Enne",adj.,De l'Abitibi.
"Acadien, Enne",adj. et n.m.,D'Acadie.
"Almatois, E",adj.,D'Alma.
"Boisbriannais, E",adj.,De Boisbriand.
"Brossardois, E",adj.,De Brossard.
"Charlevoisien, Enne",adj.,De Charlevoix.
"Chibougamois, E",adj.,De Chibougamau.
"Chicoutimien, Enne",adj.,De Chicoutimi.
"Drummondvillois, E",adj.,De Drummondville.
"Estrien, Enne",adj.,De l'Estrie.
"Eustachois, E",adj.,De Saint-Eustache.
"Fidéen, Enne",adj.,De Sainte-Foy.
"Gaspésien, Enne",adj.,De la Gaspésie.
"Gatinois, E",adj.,De Gatineau.
"Granbyen, Enne",adj.,De Granby.
"Hullois, E",adj.,De Hull.
"Innu, E",adj.,D'un peuple amérindien.
"Jeannois, E",adj.,Du Lac-Saint-Jean.
"Jérômien, Enne",adj.,De Saint-Jérôme.
"Johannais, E",adj.,De Saint-Jean-sur-Richelieu.
"Joliettain, E",adj.,De Joliette.
"Lanaudois, E",adj.,De Lanaudière.
"Lévisien, Enne",adj.,De Lévis.
"Longueuillois, E",adj.,De Longueuil.
"MADELINOT, E ou MADELINIENNE",adj.,Des îles de la Madeleine.
"Magogois, E",adj.,De Magog (Québec).
"Maskoutain, E",adj.,De Saint-Hyacinthe.
"Montagnais, E",adj.,D'un peuple amérindien.
"Montérégien, Enne",adj.,De la Montérégie.
"Montréalais, E",adj.,De Montréal.
"Naskapi, E",adj.,D'un peuple amérindien.
Nunavimiuq,adj.,Du Nunavik.
"Repentignois, E",adj.,De Repentigny.
"Rimouskois, E",adj.,De Rimouski.
"Rouynorandien, Enne",adj.,De Rouyn-Noranda.
"Saguenayen, Enne",adj.,"(Ou SAGUENÉEN, ENNE) De Saguenay."
"Septilien, Enne",adj.,De Sept-Îles.
"Shawiniganais, E",adj.,De Shawinigan.
"Sorelois, E",adj.,De Sorel-Tracy.
"Témiscabitibien, Enne",adj.,De l'Abitibi-Témiscamingue.
"Terrebonnien, Enne",adj.,De Terrebonne.
"Thetfordois, E",adj.,De Thetford-Mines.
"Trifluvien, Enne",adj.,De Trois-Rivières.
"Valdorien, Enne",adj.,De Val-d'Or.
"Victoriavillois, E",adj.,De Victoriaville.
Les Quebecismes,,
Les Ethnonymes,,
