French,Russian,ExampleFrench,ExampleRussian,Emoji
"vrai, vraie",–Ω–∞—Å—Ç–æ—è—â–∏–π; –ø—Ä–∞–≤–¥–∏–≤—ã–π,"C'est une <b>vraie</b> histoire ‚Äî je ne mens pas.","–≠—Ç–æ <b>–ø—Ä–∞–≤–¥–∏–≤–∞—è</b> –∏—Å—Ç–æ—Ä–∏—è ‚Äî —è –Ω–µ –≤—Ä—É.",‚úÖ
une t√™te,–≥–æ–ª–æ–≤–∞,"J'ai mal √† la <b>t√™te</b> apr√®s cette r√©union.","–£ –º–µ–Ω—è –±–æ–ª–∏—Ç <b>–≥–æ–ª–æ–≤–∞</b> –ø–æ—Å–ª–µ —ç—Ç–æ–π –≤—Å—Ç—Ä–µ—á–∏.",üó£Ô∏è
"beau, belle","–∫—Ä–∞—Å–∏–≤—ã–π, -–∞—è","Quel <b>beau</b> coucher de soleil sur le fleuve Saint-Laurent !","–ö–∞–∫–æ–π <b>–∫—Ä–∞—Å–∏–≤—ã–π</b> –∑–∞–∫–∞—Ç –Ω–∞–¥ —Ä–µ–∫–æ–π –°–≤—è—Ç–æ–≥–æ –õ–∞–≤—Ä–µ–Ω—Ç–∏—è!",üåÖ
une nuit,–Ω–æ—á—å,"La <b>nuit</b> tombe t√¥t en hiver au Qu√©bec.","–ó–∏–º–æ–π –≤ –ö–≤–µ–±–µ–∫–µ <b>–Ω–æ—á—å</b> –Ω–∞—Å—Ç—É–ø–∞–µ—Ç —Ä–∞–Ω–æ.",üåô
tuer,—É–±–∏–≤–∞—Ç—å,"Ce froid me <b>tue</b> ‚Äî moins trente aujourd'hui !","–≠—Ç–æ—Ç —Ö–æ–ª–æ–¥ –º–µ–Ω—è <b>—É–±–∏–≤–∞–µ—Ç</b> ‚Äî –º–∏–Ω—É—Å —Ç—Ä–∏–¥—Ü–∞—Ç—å —Å–µ–≥–æ–¥–Ω—è!",üíÄ
comment,–∫–∞–∫,"<b>Comment</b> dit-on ¬´ car ¬ª en qu√©b√©cois ? ‚Äî Char !","<b>–ö–∞–∫</b> –ø–æ-–∫–≤–µ–±–µ–∫—Å–∫–∏ ¬´–º–∞—à–∏–Ω–∞¬ª? ‚Äî –®–∞—Ä!",‚ùì
un coup,—É–¥–∞—Ä; —Ä–∞–∑,"Donne un <b>coup</b> de fil √† ton boss.","–ü–æ–∑–≤–æ–Ω–∏ —Å–≤–æ–µ–º—É –Ω–∞—á–∞–ª—å–Ω–∏–∫—É.",üìû
oh,–æ! –æ—Ö!,"<b>Oh</b>, c'est tellement beau ici !","<b>–û</b>, –∑–¥–µ—Å—å —Ç–∞–∫ –∫—Ä–∞—Å–∏–≤–æ!",üòÆ
sentir,—á—É–≤—Å—Ç–≤–æ–≤–∞—Ç—å; –ø–∞—Ö–Ω—É—Ç—å,"Je <b>sens</b> l'odeur du sirop d'√©rable.","–Ø <b>—á—É–≤—Å—Ç–≤—É—é</b> –∑–∞–ø–∞—Ö –∫–ª–µ–Ω–æ–≤–æ–≥–æ —Å–∏—Ä–æ–ø–∞.",üëÉ
chercher,–∏—Å–∫–∞—Ç—å,"Je <b>cherche</b> un appartement pas trop cher.","–Ø <b>–∏—â—É</b> –Ω–µ —Å–ª–∏—à–∫–æ–º –¥–æ—Ä–æ–≥—É—é –∫–≤–∞—Ä—Ç–∏—Ä—É.",üîç
sous,–ø–æ–¥,"Le chat est cach√© <b>sous</b> le lit.","–ö–æ—Ç —Å–ø—Ä—è—Ç–∞–ª—Å—è <b>–ø–æ–¥</b> –∫—Ä–æ–≤–∞—Ç—å—é.",‚¨áÔ∏è
tenir,"–¥–µ—Ä–∂–∞—Ç—å; –ø—Ä–æ–≤–æ–¥–∏—Ç—å","<b>Tiens</b>, prends mon parapluie ‚Äî il va pleuvoir.","<b>–ù–∞</b>, –≤–æ–∑—å–º–∏ –º–æ–π –∑–æ–Ω—Ç ‚Äî –±—É–¥–µ—Ç –¥–æ–∂–¥—å.",‚úä
une maison,–¥–æ–º,"Nous avons achet√© une <b>maison</b> en banlieue de Montr√©al.","–ú—ã –∫—É–ø–∏–ª–∏ <b>–¥–æ–º</b> –≤ –ø—Ä–∏–≥–æ—Ä–æ–¥–µ –ú–æ–Ω—Ä–µ–∞–ª—è.",üè†
un ami,–¥—Ä—É–≥,"Mon meilleur <b>ami</b> est qu√©b√©cois.","–ú–æ–π –ª—É—á—à–∏–π <b>–¥—Ä—É–≥</b> ‚Äî –∫–≤–µ–±–µ–∫–µ—Ü.",üëã
merci,—Å–ø–∞—Å–∏–±–æ,"<b>Merci</b> beaucoup pour ton aide !","–ë–æ–ª—å—à–æ–µ <b>—Å–ø–∞—Å–∏–±–æ</b> –∑–∞ –ø–æ–º–æ—â—å!",üôè
moins,–º–µ–Ω—å—à–µ; –º–∏–Ω—É—Å,"Il fait <b>moins</b> vingt degr√©s dehors.","–ù–∞ —É–ª–∏—Ü–µ <b>–º–∏–Ω—É—Å</b> –¥–≤–∞–¥—Ü–∞—Ç—å –≥—Ä–∞–¥—É—Å–æ–≤.",‚ûñ
un monsieur,–≥–æ—Å–ø–æ–¥–∏–Ω,"Ce <b>monsieur</b> cherche la station de m√©tro.","–≠—Ç–æ—Ç <b>–≥–æ—Å–ø–æ–¥–∏–Ω</b> –∏—â–µ—Ç —Å—Ç–∞–Ω—Ü–∏—é –º–µ—Ç—Ä–æ.",üé©
un soir,–≤–µ—á–µ—Ä,"On se voit ce <b>soir</b> au resto ?","–£–≤–∏–¥–∏–º—Å—è <b>–≤–µ—á–µ—Ä–æ–º</b> –≤ —Ä–µ—Å—Ç–æ—Ä–∞–Ω–µ?",üåÜ
un besoin,–Ω—É–∂–¥–∞; –ø–æ—Ç—Ä–µ–±–Ω–æ—Å—Ç—å,"J'ai <b>besoin</b> d'un caf√© pour me r√©veiller.","–ú–Ω–µ <b>–Ω—É–∂–µ–Ω</b> –∫–æ—Ñ–µ, —á—Ç–æ–±—ã –ø—Ä–æ—Å–Ω—É—Ç—å—Å—è.",üí≠
voil√†,"–≤–æ—Ç; –≤–æ—Ç –∏","<b>Voil√†</b> pourquoi j'aime le Qu√©bec !","<b>–í–æ—Ç</b> –ø–æ—á–µ–º—É —è –ª—é–±–ª—é –ö–≤–µ–±–µ–∫!",üëÜ
un air,"–≤–æ–∑–¥—É—Ö; –≤–∏–¥","Il a l'<b>air</b> fatigu√© apr√®s le travail.","–£ –Ω–µ–≥–æ —É—Å—Ç–∞–ª—ã–π <b>–≤–∏–¥</b> –ø–æ—Å–ª–µ —Ä–∞–±–æ—Ç—ã.",üí®
revenir,–≤–æ–∑–≤—Ä–∞—â–∞—Ç—å—Å—è,"Je <b>reviens</b> dans cinq minutes.","–Ø <b>–≤–µ—Ä–Ω—É—Å—å</b> —á–µ—Ä–µ–∑ –ø—è—Ç—å –º–∏–Ω—É—Ç.",‚Ü©Ô∏è
beaucoup,–º–Ω–æ–≥–æ,"J'aime <b>beaucoup</b> la poutine !","–Ø <b>–æ—á–µ–Ω—å</b> –ª—é–±–ª—é –ø—É—Ç–∏–Ω!",üìà
entre,–º–µ–∂–¥—É,"Le caf√© est <b>entre</b> la banque et la pharmacie.","–ö–∞—Ñ–µ <b>–º–µ–∂–¥—É</b> –±–∞–Ω–∫–æ–º –∏ –∞–ø—Ç–µ–∫–æ–π.",‚ÜîÔ∏è
mieux,–ª—É—á—à–µ,"Tu parles fran√ßais <b>mieux</b> qu'avant.","–¢—ã –≥–æ–≤–æ—Ä–∏—à—å –ø–æ-—Ñ—Ä–∞–Ω—Ü—É–∑—Å–∫–∏ <b>–ª—É—á—à–µ</b>, —á–µ–º —Ä–∞–Ω—å—à–µ.",‚¨ÜÔ∏è
avant,–¥–æ; –ø–µ—Ä–µ–¥,"<b>Avant</b> de partir, v√©rifie ton passeport.","<b>–ü–µ—Ä–µ–¥</b> –æ—Ç—ä–µ–∑–¥–æ–º –ø—Ä–æ–≤–µ—Ä—å –ø–∞—Å–ø–æ—Ä—Ç.",‚è™
donc,"–∏—Ç–∞–∫; –∑–Ω–∞—á–∏—Ç","Tu es fatigu√©, <b>donc</b> tu devrais te reposer.","–¢—ã —É—Å—Ç–∞–ª, <b>–∑–Ω–∞—á–∏—Ç</b>, —Ç–µ–±–µ –Ω—É–∂–Ω–æ –æ—Ç–¥–æ—Ö–Ω—É—Ç—å.",‚û°Ô∏è
un moment,–º–æ–º–µ–Ω—Ç; –º–∏–≥,"Attends un <b>moment</b>, s'il te pla√Æt.","–ü–æ–¥–æ–∂–¥–∏ <b>–º–∏–Ω—É—Ç–∫—É</b>, –ø–æ–∂–∞–ª—É–π—Å—Ç–∞.",‚è±Ô∏è
essayer,–ø—Ä–æ–±–æ–≤–∞—Ç—å; –ø—Ä–∏–º–µ—Ä—è—Ç—å,"J'ai <b>essay√©</b> de comprendre l'accent qu√©b√©cois.","–Ø <b>–ø—ã—Ç–∞–ª—Å—è</b> –ø–æ–Ω—è—Ç—å –∫–≤–µ–±–µ–∫—Å–∫–∏–π –∞–∫—Ü–µ–Ω—Ç.",üîÑ
les gens,–ª—é–¥–∏,"Les <b>gens</b> au Qu√©bec sont tr√®s sympathiques.","<b>–õ—é–¥–∏</b> –≤ –ö–≤–µ–±–µ–∫–µ –æ—á–µ–Ω—å –ø—Ä–∏—è—Ç–Ω—ã–µ.",üë•
vers,–∫; –æ–∫–æ–ª–æ (–≤—Ä–µ–º—è),"Je finis le travail <b>vers</b> dix-sept heures.","–Ø –∑–∞–∫–∞–Ω—á–∏–≤–∞—é —Ä–∞–±–æ—Ç—É <b>–æ–∫–æ–ª–æ</b> –ø—è—Ç–∏.",‚û°Ô∏è
depuis,—Å; –≤ —Ç–µ—á–µ–Ω–∏–µ,"J'apprends le fran√ßais <b>depuis</b> deux ans.","–Ø —É—á—É —Ñ—Ä–∞–Ω—Ü—É–∑—Å–∫–∏–π <b>—É–∂–µ</b> –¥–≤–∞ –≥–æ–¥–∞.",üìÖ
finir,–∑–∞–∫–∞–Ω—á–∏–≤–∞—Ç—å,"J'ai <b>fini</b> mes cours de francisation.","–Ø <b>–∑–∞–∫–æ–Ω—á–∏–ª</b> –∫—É—Ä—Å—ã —Ñ—Ä–∞–Ω—Å–∏–∑–∞—Ü–∏–∏.",üèÅ
un nom,–∏–º—è; –Ω–∞–∑–≤–∞–Ω–∏–µ,"Quel est ton <b>nom</b> de famille ?","–ö–∞–∫–∞—è —É —Ç–µ–±—è <b>—Ñ–∞–º–∏–ª–∏—è</b>?",üìõ
"premier, premi√®re",–ø–µ—Ä–≤—ã–π,"C'est ma <b>premi√®re</b> visite au Canada.","–≠—Ç–æ –º–æ–π <b>–ø–µ—Ä–≤—ã–π</b> –≤–∏–∑–∏—Ç –≤ –ö–∞–Ω–∞–¥—É.",1Ô∏è‚É£
rendre,"–≤–æ–∑–≤—Ä–∞—â–∞—Ç—å; –¥–µ–ª–∞—Ç—å (–∫–∞–∫–∏–º-—Ç–æ)","Cette nouvelle m'a <b>rendu</b> heureux.","–≠—Ç–∞ –Ω–æ–≤–æ—Å—Ç—å <b>—Å–¥–µ–ª–∞–ª–∞</b> –º–µ–Ω—è —Å—á–∞—Å—Ç–ª–∏–≤—ã–º.",üîÑ
ni,–Ω–∏,"Je ne parle <b>ni</b> anglais <b>ni</b> espagnol.","–Ø –Ω–µ –≥–æ–≤–æ—Ä—é <b>–Ω–∏</b> –ø–æ-–∞–Ω–≥–ª–∏–π—Å–∫–∏, <b>–Ω–∏</b> –ø–æ-–∏—Å–ø–∞–Ω—Å–∫–∏.",üö´
vivre,–∂–∏—Ç—å,"Je <b>vis</b> au Qu√©bec depuis un an.","–Ø <b>–∂–∏–≤—É</b> –≤ –ö–≤–µ–±–µ–∫–µ –≥–æ–¥.",üí´
puis,–ø–æ—Ç–æ–º; –∑–∞—Ç–µ–º,"D'abord on mange, <b>puis</b> on sort.","–°–Ω–∞—á–∞–ª–∞ –ø–æ–µ–¥–∏–º, <b>–ø–æ—Ç–æ–º</b> –≤—ã–π–¥–µ–º.",‚û°Ô∏è
perdre,—Ç–µ—Ä—è—Ç—å; –ø—Ä–æ–∏–≥—Ä—ã–≤–∞—Ç—å,"J'ai <b>perdu</b> mes cl√©s quelque part.","–Ø –≥–¥–µ-—Ç–æ <b>–ø–æ—Ç–µ—Ä—è–ª</b> –∫–ª—é—á–∏.",üò¢
jouer,–∏–≥—Ä–∞—Ç—å,"Les enfants <b>jouent</b> au hockey dans la rue.","–î–µ—Ç–∏ <b>–∏–≥—Ä–∞—é—Ç</b> –≤ —Ö–æ–∫–∫–µ–π –Ω–∞ —É–ª–∏—Ü–µ.",üéÆ
aider,–ø–æ–º–æ–≥–∞—Ç—å,"Tu peux m'<b>aider</b> avec ce formulaire ?","–ú–æ–∂–µ—à—å –º–Ω–µ <b>–ø–æ–º–æ—á—å</b> —Å —ç—Ç–æ–π —Ñ–æ—Ä–º–æ–π?",ü§ù
devenir,—Å—Ç–∞–Ω–æ–≤–∏—Ç—å—Å—è,"Je veux <b>devenir</b> citoyen canadien.","–Ø —Ö–æ—á—É <b>—Å—Ç–∞—Ç—å</b> –≥—Ä–∞–∂–¥–∞–Ω–∏–Ω–æ–º –ö–∞–Ω–∞–¥—ã.",üîÑ
personne,–Ω–∏–∫—Ç–æ,"<b>Personne</b> n'a r√©pondu √† mon courriel.","<b>–ù–∏–∫—Ç–æ</b> –Ω–µ –æ—Ç–≤–µ—Ç–∏–ª –Ω–∞ –º–æ–π email.",0Ô∏è‚É£
ah,–∞! –∞—Ö!,"<b>Ah</b>, maintenant je comprends !","<b>–ê</b>, —Ç–µ–ø–µ—Ä—å —è –ø–æ–Ω–∏–º–∞—é!",üí°
parce que,–ø–æ—Ç–æ–º—É —á—Ç–æ,"Je reste chez moi <b>parce qu</b>'il fait trop frette.","–Ø —Å–∏–∂—É –¥–æ–º–∞, <b>–ø–æ—Ç–æ–º—É —á—Ç–æ</b> —Å–ª–∏—à–∫–æ–º —Ö–æ–ª–æ–¥–Ω–æ.",üîó
une peur,—Å—Ç—Ä–∞—Ö,"J'ai <b>peur</b> de l'hiver qu√©b√©cois.","–Ø –±–æ—é—Å—å –∫–≤–µ–±–µ–∫—Å–∫–æ–π –∑–∏–º—ã.",üò®
une mort,—Å–º–µ—Ä—Ç—å,"La <b>mort</b> de son chat l'a beaucoup attrist√©.","<b>–°–º–µ—Ä—Ç—å</b> –∫–æ—Ç–∞ –µ–≥–æ –æ—á–µ–Ω—å –æ–ø–µ—á–∞–ª–∏–ª–∞.",üíÄ
juste,"—Å–ø—Ä–∞–≤–µ–¥–ª–∏–≤—ã–π; —Ç–æ—á–Ω–æ","C'est <b>juste</b> ce que je voulais dire.","–≠—Ç–æ <b>–∏–º–µ–Ω–Ω–æ</b> —Ç–æ, —á—Ç–æ —è —Ö–æ—Ç–µ–ª —Å–∫–∞–∑–∞—Ç—å.",‚úÖ
une porte,–¥–≤–µ—Ä—å,"Ferme la <b>porte</b>, il fait froid dehors.","–ó–∞–∫—Ä–æ–π <b>–¥–≤–µ—Ä—å</b>, –Ω–∞ —É–ª–∏—Ü–µ —Ö–æ–ª–æ–¥–Ω–æ.",üö™
ouvrir,–æ—Ç–∫—Ä—ã–≤–∞—Ç—å,"<b>Ouvre</b> la fen√™tre, il fait chaud ici.","<b>–û—Ç–∫—Ä–æ–π</b> –æ–∫–Ω–æ, –∑–¥–µ—Å—å –∂–∞—Ä–∫–æ.",üîì
un amour,–ª—é–±–æ–≤—å,"L'<b>amour</b> de ma vie habite √† Montr√©al.","<b>–õ—é–±–æ–≤—å</b> –º–æ–µ–π –∂–∏–∑–Ω–∏ –∂–∏–≤—ë—Ç –≤ –ú–æ–Ω—Ä–µ–∞–ª–µ.",‚ù§Ô∏è
vite,–±—ã—Å—Ç—Ä–æ,"Viens <b>vite</b>, le bus arrive !","–ò–¥–∏ <b>–±—ã—Å—Ç—Ä–µ–µ</b>, –∞–≤—Ç–æ–±—É—Å –ø—Ä–∏–µ–∑–∂–∞–µ—Ç!",‚ö°
rentrer,–≤–æ–∑–≤—Ä–∞—â–∞—Ç—å—Å—è (–¥–æ–º–æ–π),"Je <b>rentre</b> du travail vers six heures.","–Ø <b>–≤–æ–∑–≤—Ä–∞—â–∞—é—Å—å</b> —Å —Ä–∞–±–æ—Ç—ã –æ–∫–æ–ª–æ —à–µ—Å—Ç–∏.",üè†
commencer,–Ω–∞—á–∏–Ω–∞—Ç—å,"Les cours de fran√ßais <b>commencent</b> en septembre.","–ó–∞–Ω—è—Ç–∏—è –ø–æ —Ñ—Ä–∞–Ω—Ü—É–∑—Å–∫–æ–º—É <b>–Ω–∞—á–∏–Ω–∞—é—Ç—Å—è</b> –≤ —Å–µ–Ω—Ç—è–±—Ä–µ.",‚ñ∂Ô∏è
entrer,–≤—Ö–æ–¥–∏—Ç—å,"<b>Entrez</b>, la porte est ouverte !","<b>–í—Ö–æ–¥–∏—Ç–µ</b>, –¥–≤–µ—Ä—å –æ—Ç–∫—Ä—ã—Ç–∞!",üö™
quelqu'un,–∫—Ç–æ-—Ç–æ,"<b>Quelqu'un</b> m'a appel√© ce matin.","<b>–ö—Ç–æ-—Ç–æ</b> –º–Ω–µ –∑–≤–æ–Ω–∏–ª —É—Ç—Ä–æ–º.",üë§
contre,–ø—Ä–æ—Ç–∏–≤,"Je suis <b>contre</b> cette id√©e.","–Ø <b>–ø—Ä–æ—Ç–∏–≤</b> —ç—Ç–æ–π –∏–¥–µ–∏.",üö´
tomber,–ø–∞–¥–∞—Ç—å,"Attention, ne <b>tombe</b> pas sur la glace !","–û—Å—Ç–æ—Ä–æ–∂–Ω–æ, –Ω–µ <b>—É–ø–∞–¥–∏</b> –Ω–∞ –ª—å–¥—É!",‚¨áÔ∏è
plaire,–Ω—Ä–∞–≤–∏—Ç—å—Å—è,"√áa me <b>pla√Æt</b> beaucoup ici.","–ú–Ω–µ –∑–¥–µ—Å—å –æ—á–µ–Ω—å <b>–Ω—Ä–∞–≤–∏—Ç—Å—è</b>.",üòä
"dernier, derni√®re",–ø–æ—Å–ª–µ–¥–Ω–∏–π,"C'est la <b>derni√®re</b> fois que je te le dis.","–Ø —Ç–µ–±–µ —ç—Ç–æ –≥–æ–≤–æ—Ä—é –≤ <b>–ø–æ—Å–ª–µ–¥–Ω–∏–π</b> —Ä–∞–∑.",üîö
assez,–¥–æ—Å—Ç–∞—Ç–æ—á–Ω–æ,"J'en ai <b>assez</b> de ce froid !","–ú–Ω–µ <b>—Ö–≤–∞—Ç–∏—Ç</b> —ç—Ç–æ–≥–æ —Ö–æ–ª–æ–¥–∞!",‚úã
mal,–ø–ª–æ—Ö–æ,"J'ai <b>mal</b> √† la gorge depuis hier.","–£ –º–µ–Ω—è –±–æ–ª–∏—Ç –≥–æ—Ä–ª–æ —Å–æ –≤—á–µ—Ä–∞—à–Ω–µ–≥–æ –¥–Ω—è.",üò£
√©couter,—Å–ª—É—à–∞—Ç—å,"J'<b>√©coute</b> la radio en fran√ßais chaque matin.","–Ø <b>—Å–ª—É—à–∞—é</b> —Ä–∞–¥–∏–æ –Ω–∞ —Ñ—Ä–∞–Ω—Ü—É–∑—Å–∫–æ–º –∫–∞–∂–¥–æ–µ —É—Ç—Ä–æ.",üëÇ
oublier,–∑–∞–±—ã–≤–∞—Ç—å,"N'<b>oublie</b> pas ton rendez-vous demain !","–ù–µ <b>–∑–∞–±—É–¥—å</b> –ø—Ä–æ –≤—Å—Ç—Ä–µ—á—É –∑–∞–≤—Ç—Ä–∞!",üß†
jeune,–º–æ–ª–æ–¥–æ–π,"C'est un <b>jeune</b> couple qui vient d'immigrer.","–≠—Ç–æ <b>–º–æ–ª–æ–¥–∞—è</b> –ø–∞—Ä–∞, –∫–æ—Ç–æ—Ä–∞—è –Ω–µ–¥–∞–≤–Ω–æ –∏–º–º–∏–≥—Ä–∏—Ä–æ–≤–∞–ª–∞.",üë∂
une raison,–ø—Ä–∏—á–∏–Ω–∞,"Pour quelle <b>raison</b> apprends-tu le fran√ßais ?","–ü–æ –∫–∞–∫–æ–π <b>–ø—Ä–∏—á–∏–Ω–µ</b> —Ç—ã —É—á–∏—à—å —Ñ—Ä–∞–Ω—Ü—É–∑—Å–∫–∏–π?",üí°
tant,"—Å—Ç–æ–ª—å–∫–æ; —Ç–∞–∫","J'ai <b>tant</b> de choses √† faire aujourd'hui.","–£ –º–µ–Ω—è <b>—Å—Ç–æ–ª—å–∫–æ</b> –¥–µ–ª —Å–µ–≥–æ–¥–Ω—è.",üìä
tirer,—Ç—è–Ω—É—Ç—å; —Å—Ç—Ä–µ–ª—è—Ç—å,"<b>Tire</b> la porte, elle est coinc√©e.","<b>–ü–æ—Ç—è–Ω–∏</b> –¥–≤–µ—Ä—å, –æ–Ω–∞ –∑–∞—Å—Ç—Ä—è–ª–∞.",‚ÜóÔ∏è
devant,"–ø–µ—Ä–µ–¥; –≤–ø–µ—Ä–µ–¥–∏","Le parc est <b>devant</b> l'√©cole.","–ü–∞—Ä–∫ <b>–ø–µ—Ä–µ–¥</b> —à–∫–æ–ª–æ–π.",‚è©
un c√¥t√©,—Å—Ç–æ—Ä–æ–Ω–∞,"De quel <b>c√¥t√©</b> est la sortie ?","–í –∫–∞–∫–æ–π <b>—Å—Ç–æ—Ä–æ–Ω–µ</b> –≤—ã—Ö–æ–¥?",‚ÜîÔ∏è
manger,–µ—Å—Ç—å; –∫—É—à–∞—Ç—å,"On va <b>manger</b> de la poutine ce soir.","–°–µ–≥–æ–¥–Ω—è –≤–µ—á–µ—Ä–æ–º –±—É–¥–µ–º <b>–µ—Å—Ç—å</b> –ø—É—Ç–∏–Ω.",üçΩÔ∏è
un fait,—Ñ–∞–∫—Ç,"C'est un <b>fait</b> : l'hiver est long au Qu√©bec.","–≠—Ç–æ <b>—Ñ–∞–∫—Ç</b>: –∑–∏–º–∞ –≤ –ö–≤–µ–±–µ–∫–µ –¥–ª–∏–Ω–Ω–∞—è.",üìã
un mot,—Å–ª–æ–≤–æ,"Je ne comprends pas ce <b>mot</b> qu√©b√©cois.","–Ø –Ω–µ –ø–æ–Ω–∏–º–∞—é —ç—Ç–æ –∫–≤–µ–±–µ–∫—Å–∫–æ–µ <b>—Å–ª–æ–≤–æ</b>.",üí¨
un fils,—Å—ã–Ω,"Mon <b>fils</b> va √† l'√©cole en fran√ßais.","–ú–æ–π <b>—Å—ã–Ω</b> —Ö–æ–¥–∏—Ç –≤–æ —Ñ—Ä–∞–Ω—Ü—É–∑—Å–∫—É—é —à–∫–æ–ª—É.",üë¶
un argent,–¥–µ–Ω—å–≥–∏,"Je n'ai pas assez d'<b>argent</b> pour le loyer.","–£ –º–µ–Ω—è –Ω–µ–¥–æ—Å—Ç–∞—Ç–æ—á–Ω–æ <b>–¥–µ–Ω–µ–≥</b> –Ω–∞ –∞—Ä–µ–Ω–¥—É.",üíµ
porter,"–Ω–æ—Å–∏—Ç—å; –Ω–µ—Å—Ç–∏","Je <b>porte</b> un manteau chaud en hiver.","–ó–∏–º–æ–π —è <b>–Ω–æ—à—É</b> —Ç—ë–ø–ª–æ–µ –ø–∞–ª—å—Ç–æ.",üëî
une maman,–º–∞–º–∞,"Ma <b>maman</b> me manque beaucoup.","–Ø –æ—á–µ–Ω—å —Å–∫—É—á–∞—é –ø–æ <b>–º–∞–º–µ</b>.",üë©‚Äçüëß
une question,–≤–æ–ø—Ä–æ—Å,"J'ai une <b>question</b> sur l'immigration.","–£ –º–µ–Ω—è –µ—Å—Ç—å <b>–≤–æ–ø—Ä–æ—Å</b> –æ–± –∏–º–º–∏–≥—Ä–∞—Ü–∏–∏.",‚ùì
peu,–º–∞–ª–æ,"Il y a <b>peu</b> de neige cette ann√©e.","–í —ç—Ç–æ–º –≥–æ–¥—É <b>–º–∞–ª–æ</b> —Å–Ω–µ–≥–∞.",üìâ
"vieux, vieille","—Å—Ç–∞—Ä—ã–π, -–∞—è","Mon p√®re est <b>vieux</b>, mais il aime voyager.","–ú–æ–π –æ—Ç–µ—Ü <b>—Å—Ç–∞—Ä—ã–π</b>, –Ω–æ –ª—é–±–∏—Ç –ø—É—Ç–µ—à–µ—Å—Ç–≤–æ–≤–∞—Ç—å.",üë¥
une voiture,–º–∞—à–∏–Ω–∞,"J'ai besoin d'une <b>voiture</b> pour aller au travail.","–ú–Ω–µ –Ω—É–∂–Ω–∞ <b>–º–∞—à–∏–Ω–∞</b>, —á—Ç–æ–±—ã –µ—Ö–∞—Ç—å –Ω–∞ —Ä–∞–±–æ—Ç—É.",üöó
travailler,—Ä–∞–±–æ—Ç–∞—Ç—å,"Je <b>travaille</b> dans une entreprise qu√©b√©coise.","–Ø <b>—Ä–∞–±–æ—Ç–∞—é</b> –≤ –∫–≤–µ–±–µ–∫—Å–∫–æ–π –∫–æ–º–ø–∞–Ω–∏–∏.",üíº
une place,"–º–µ—Å—Ç–æ; –ø–ª–æ—â–∞–¥—å","Il n'y a plus de <b>place</b> dans le m√©tro.","–í –º–µ—Ç—Ä–æ –Ω–µ—Ç <b>–º–µ—Å—Ç</b>.",üìç
pendant,–≤–æ –≤—Ä–µ–º—è,"<b>Pendant</b> l'hiver, je reste souvent √† la maison.","<b>–ó–∏–º–æ–π</b> —è —á–∞—Å—Ç–æ —Å–∏–∂—É –¥–æ–º–∞.",‚è≥
une eau,–≤–æ–¥–∞,"L'<b>eau</b> du robinet est tr√®s bonne ici.","<b>–í–æ–¥–∞</b> –∏–∑ –∫—Ä–∞–Ω–∞ –∑–¥–µ—Å—å –æ—á–µ–Ω—å —Ö–æ—Ä–æ—à–∞—è.",üíß
sembler,–∫–∞–∑–∞—Ç—å—Å—è,"√áa <b>semble</b> facile, mais c'est difficile.","–≠—Ç–æ <b>–∫–∞–∂–µ—Ç—Å—è</b> –ª—ë–≥–∫–∏–º, –Ω–æ —ç—Ç–æ —Å–ª–æ–∂–Ω–æ.",ü§î
une id√©e,–∏–¥–µ—è,"J'ai une bonne <b>id√©e</b> pour le souper.","–£ –º–µ–Ω—è –µ—Å—Ç—å —Ö–æ—Ä–æ—à–∞—è <b>–∏–¥–µ—è</b> –¥–ª—è —É–∂–∏–Ω–∞.",üí°
un bonjour,–∑–¥—Ä–∞–≤—Å—Ç–≤—É–π; –ø—Ä–∏–≤–µ—Ç,"<b>Bonjour</b>, comment √ßa va ?","<b>–ü—Ä–∏–≤–µ—Ç</b>, –∫–∞–∫ –¥–µ–ª–∞?",üëã
une histoire,"–∏—Å—Ç–æ—Ä–∏—è; —Ä–∞—Å—Å–∫–∞–∑","C'est une longue <b>histoire</b> ‚Äî assieds-toi.","–≠—Ç–æ –¥–ª–∏–Ω–Ω–∞—è <b>–∏—Å—Ç–æ—Ä–∏—è</b> ‚Äî —Å–∞–¥–∏—Å—å.",üìñ
une terre,–∑–µ–º–ª—è,"La <b>terre</b> est gel√©e en hiver au Qu√©bec.","–ó–∏–º–æ–π –≤ –ö–≤–µ–±–µ–∫–µ <b>–∑–µ–º–ª—è</b> –∑–∞–º—ë—Ä–∑—à–∞—è.",üåç
s'asseoir,—Å–∞–¥–∏—Ç—å—Å—è,"<b>Assieds</b>-toi, on va parler.","<b>–°–∞–¥–∏—Å—å</b>, –ø–æ–≥–æ–≤–æ—Ä–∏–º.",ü™ë
un probl√®me,–ø—Ä–æ–±–ª–µ–º–∞,"J'ai un <b>probl√®me</b> avec mon permis de travail.","–£ –º–µ–Ω—è <b>–ø—Ä–æ–±–ª–µ–º–∞</b> —Å —Ä–∞–∑—Ä–µ—à–µ–Ω–∏–µ–º –Ω–∞ —Ä–∞–±–æ—Ç—É.",‚ö†Ô∏è
marcher,"–∏–¥—Ç–∏ –ø–µ—à–∫–æ–º; —Ä–∞–±–æ—Ç–∞—Ç—å (–æ –º–µ—Ö–∞–Ω–∏–∑–º–µ)","Le wifi ne <b>marche</b> pas bien ici.","WiFi –∑–¥–µ—Å—å –ø–ª–æ—Ö–æ <b>—Ä–∞–±–æ—Ç–∞–µ—Ç</b>.",üö∂
tard,–ø–æ–∑–¥–Ω–æ,"Il est <b>tard</b>, je dois rentrer.","–£–∂–µ <b>–ø–æ–∑–¥–Ω–æ</b>, –º–Ω–µ –Ω—É–∂–Ω–æ –¥–æ–º–æ–π.",üåô
changer,–º–µ–Ω—è—Ç—å(—Å—è),"Le temps <b>change</b> vite au Qu√©bec.","–ü–æ–≥–æ–¥–∞ –≤ –ö–≤–µ–±–µ–∫–µ –±—ã—Å—Ç—Ä–æ <b>–º–µ–Ω—è–µ—Ç—Å—è</b>.",üîÑ
retrouver,–Ω–∞—Ö–æ–¥–∏—Ç—å (—Å–Ω–æ–≤–∞),"Je ne <b>retrouve</b> plus mes cl√©s.","–Ø –Ω–µ –º–æ–≥—É <b>–Ω–∞–π—Ç–∏</b> —Å–≤–æ–∏ –∫–ª—é—á–∏.",üîç
chaque,–∫–∞–∂–¥—ã–π,"<b>Chaque</b> jour j'apprends de nouveaux mots.","<b>–ö–∞–∂–¥—ã–π</b> –¥–µ–Ω—å —è —É—á—É –Ω–æ–≤—ã–µ —Å–ª–æ–≤–∞.",üìÖ
