French,Russian,WordType,ExampleFrench,ExampleRussian,Notes,Emoji
avoir beau + inf,–∫–∞–∫ –Ω–∏...; —Å–∫–æ–ª—å–∫–æ –Ω–∏...,expr,"J'<b>ai beau</b> chercher, je ne trouve pas mes cl√©s.","<b>–°–∫–æ–ª—å–∫–æ –Ω–∏</b> –∏—â—É, –Ω–µ –º–æ–≥—É –Ω–∞–π—Ç–∏ –∫–ª—é—á–∏.","Concession. –û—á–µ–Ω—å —á–∞—Å—Ç–æ—Ç–Ω–æ–µ! TEF B2.",üîÑ
avoir besoin de,–Ω—É–∂–¥–∞—Ç—å—Å—è –≤; –∏–º–µ—Ç—å –Ω—É–∂–¥—É,expr,"J'<b>ai besoin de</b> ton aide pour ce projet.","–ú–Ω–µ <b>–Ω—É–∂–Ω–∞</b> —Ç–≤–æ—è –ø–æ–º–æ—â—å –¥–ª—è —ç—Ç–æ–≥–æ –ø—Ä–æ–µ–∫—Ç–∞.","+ nom ou infinitif. –ë–∞–∑–æ–≤–æ–µ –≤—ã—Ä–∞–∂–µ–Ω–∏–µ.",üÜò
avoir envie de,—Ö–æ—Ç–µ—Ç—å; –∏–º–µ—Ç—å –∂–µ–ª–∞–Ω–∏–µ,expr,"J'<b>ai envie de</b> partir en vacances.","–Ø <b>—Ö–æ—á—É</b> –ø–æ–µ—Ö–∞—Ç—å –≤ –æ—Ç–ø—É—Å–∫.","+ infinitif. Synonyme: vouloir.",üí≠
avoir l'air de,–≤—ã–≥–ª—è–¥–µ—Ç—å; –∫–∞–∑–∞—Ç—å—Å—è,expr,"Tu <b>as l'air</b> fatigu√© aujourd'hui.","–¢—ã <b>–≤—ã–≥–ª—è–¥–∏—à—å</b> —É—Å—Ç–∞–≤—à–∏–º —Å–µ–≥–æ–¥–Ω—è.","+ adjectif ou infinitif. Synonyme: sembler.",üëÄ
avoir l'habitude de,–∏–º–µ—Ç—å –ø—Ä–∏–≤—ã—á–∫—É; –ø—Ä–∏–≤—ã–∫–Ω—É—Ç—å,expr,"J'<b>ai l'habitude de</b> me lever t√¥t.","–Ø <b>–ø—Ä–∏–≤—ã–∫</b> —Ä–∞–Ω–æ –≤—Å—Ç–∞–≤–∞—Ç—å.","+ infinitif.",üîÅ
avoir l'intention de,–Ω–∞–º–µ—Ä–µ–≤–∞—Ç—å—Å—è; —Å–æ–±–∏—Ä–∞—Ç—å—Å—è,expr,"J'<b>ai l'intention de</b> d√©m√©nager au Qu√©bec.","–Ø <b>–Ω–∞–º–µ—Ä–µ–≤–∞—é—Å—å</b> –ø–µ—Ä–µ–µ—Ö–∞—Ç—å –≤ –ö–≤–µ–±–µ–∫.","+ infinitif. Formel.",üéØ
avoir l'occasion de,–∏–º–µ—Ç—å –≤–æ–∑–º–æ–∂–Ω–æ—Å—Ç—å,expr,"J'<b>ai eu l'occasion de</b> visiter Montr√©al.","–£ –º–µ–Ω—è <b>–±—ã–ª–∞ –≤–æ–∑–º–æ–∂–Ω–æ—Å—Ç—å</b> –ø–æ—Å–µ—Ç–∏—Ç—å –ú–æ–Ω—Ä–µ–∞–ª—å.","+ infinitif.",üé∞
avoir le droit de,–∏–º–µ—Ç—å –ø—Ä–∞–≤–æ,expr,"Vous <b>avez le droit de</b> refuser.","–í—ã <b>–∏–º–µ–µ—Ç–µ –ø—Ä–∞–≤–æ</b> –æ—Ç–∫–∞–∑–∞—Ç—å—Å—è.","+ infinitif. Juridique/formel.",‚öñÔ∏è
avoir le temps de,–∏–º–µ—Ç—å –≤—Ä–µ–º—è,expr,"Je n'<b>ai pas le temps de</b> finir ce rapport.","–£ –º–µ–Ω—è <b>–Ω–µ—Ç –≤—Ä–µ–º–µ–Ω–∏</b> –∑–∞–∫–æ–Ω—á–∏—Ç—å —ç—Ç–æ—Ç –æ—Ç—á—ë—Ç.","+ infinitif.",‚è∞
avoir lieu,–ø—Ä–æ–∏—Å—Ö–æ–¥–∏—Ç—å; —Å–æ—Å—Ç–æ—è—Ç—å—Å—è,expr,"La r√©union <b>aura lieu</b> demain √† 10h.","–°–æ–±—Ä–∞–Ω–∏–µ <b>—Å–æ—Å—Ç–æ–∏—Ç—Å—è</b> –∑–∞–≤—Ç—Ä–∞ –≤ 10:00.","Impersonnel/√©v√©nementiel. Tr√®s fr√©quent!",üìÖ
avoir peur de,–±–æ—è—Ç—å—Å—è,expr,"J'<b>ai peur de</b> rater mon examen.","–Ø <b>–±–æ—é—Å—å</b> –ø—Ä–æ–≤–∞–ª–∏—Ç—å —ç–∫–∑–∞–º–µ–Ω.","+ nom ou infinitif.",üò®
avoir raison,–±—ã—Ç—å –ø—Ä–∞–≤—ã–º,expr,"Tu <b>as raison</b>, c'est une bonne id√©e.","–¢—ã <b>–ø—Ä–∞–≤</b>, —ç—Ç–æ —Ö–æ—Ä–æ—à–∞—è –∏–¥–µ—è.","Oppos√©: avoir tort.",‚úÖ
avoir tort,–±—ã—Ç—å –Ω–µ–ø—Ä–∞–≤—ã–º; –æ—à–∏–±–∞—Ç—å—Å—è,expr,"J'<b>ai eu tort</b> de lui faire confiance.","–Ø <b>–æ—à–∏–±—Å—è</b>, –¥–æ–≤–µ—Ä–∏–≤—à–∏—Å—å –µ–º—É.","Oppos√©: avoir raison.",‚ùå
avoir h√¢te de,–Ω–µ —Ç–µ—Ä–ø–µ—Ç—å—Å—è; —Å –Ω–µ—Ç–µ—Ä–ø–µ–Ω–∏–µ–º –∂–¥–∞—Ç—å,expr,"J'<b>ai h√¢te de</b> te revoir !","<b>–ù–µ —Ç–µ—Ä–ø–∏—Ç—Å—è</b> —Ç–µ–±—è —É–≤–∏–¥–µ—Ç—å!","+ infinitif. Qu√©bec: tr√®s courant.",‚è≥üòä
avoir tendance √†,–∏–º–µ—Ç—å —Å–∫–ª–æ–Ω–Ω–æ—Å—Ç—å; —Å–∫–ª–æ–Ω—è—Ç—å—Å—è –∫,expr,"Il <b>a tendance √†</b> exag√©rer.","–û–Ω <b>—Å–∫–ª–æ–Ω–µ–Ω</b> –ø—Ä–µ—É–≤–µ–ª–∏—á–∏–≤–∞—Ç—å.","+ infinitif.",üìà
avoir du mal √†,—Å —Ç—Ä—É–¥–æ–º; –∏—Å–ø—ã—Ç—ã–≤–∞—Ç—å —Ç—Ä—É–¥–Ω–æ—Å—Ç–∏,expr,"J'<b>ai du mal √†</b> comprendre son accent.","–ú–Ω–µ <b>—Ç—Ä—É–¥–Ω–æ</b> –ø–æ–Ω—è—Ç—å –µ–≥–æ –∞–∫—Ü–µ–Ω—Ç.","+ infinitif. Synonyme: avoir des difficult√©s √†.",üòì
√™tre en train de,–±—ã—Ç—å –≤ –ø—Ä–æ—Ü–µ—Å—Å–µ; —Å–µ–π—á–∞—Å –¥–µ–ª–∞—Ç—å,expr,"Je <b>suis en train de</b> travailler.","–Ø <b>—Å–µ–π—á–∞—Å</b> —Ä–∞–±–æ—Ç–∞—é.","Pr√©sent progressif. –û—á–µ–Ω—å —á–∞—Å—Ç–æ—Ç–Ω–æ–µ!",‚è≥
√™tre sur le point de,–≤–æ—Ç-–≤–æ—Ç; —Å–æ–±–∏—Ä–∞—Ç—å—Å—è,expr,"Le film <b>est sur le point de</b> commencer.","–§–∏–ª—å–º <b>–≤–æ—Ç-–≤–æ—Ç</b> –Ω–∞—á–Ω—ë—Ç—Å—è.","Futur imm√©diat.",‚è±Ô∏è
√™tre cens√© + inf,–¥–æ–ª–∂–µ–Ω; –ø—Ä–µ–¥–ø–æ–ª–∞–≥–∞–µ—Ç—Å—è —á—Ç–æ,expr,"Tu <b>es cens√©</b> arriver √† 8h.","–¢—ã <b>–¥–æ–ª–∂–µ–Ω</b> –ø—Ä–∏–π—Ç–∏ –≤ 8:00.","Obligation/attente. TEF B2.",üìã
√™tre oblig√© de,–±—ã—Ç—å –æ–±—è–∑–∞–Ω–Ω—ã–º; –≤—ã–Ω—É–∂–¥–µ–Ω,expr,"Je <b>suis oblig√© de</b> partir plus t√¥t.","–Ø <b>–≤—ã–Ω—É–∂–¥–µ–Ω</b> —É–π—Ç–∏ —Ä–∞–Ω—å—à–µ.","+ infinitif. Obligation forte.",‚ö†Ô∏è
√™tre capable de,–±—ã—Ç—å —Å–ø–æ—Å–æ–±–Ω—ã–º,expr,"Elle <b>est capable de</b> r√©soudre ce probl√®me.","–û–Ω–∞ <b>—Å–ø–æ—Å–æ–±–Ω–∞</b> —Ä–µ—à–∏—Ç—å —ç—Ç—É –ø—Ä–æ–±–ª–µ–º—É.","+ infinitif. Synonyme: pouvoir.",üí™
√™tre pr√™t √†,–±—ã—Ç—å –≥–æ—Ç–æ–≤—ã–º –∫,expr,"Je <b>suis pr√™t √†</b> commencer.","–Ø <b>–≥–æ—Ç–æ–≤</b> –Ω–∞—á–∞—Ç—å.","+ infinitif.",‚úÖ
√™tre en mesure de,–±—ã—Ç—å –≤ —Å–æ—Å—Ç–æ—è–Ω–∏–∏,expr,"Nous ne <b>sommes pas en mesure de</b> vous r√©pondre.","–ú—ã <b>–Ω–µ –≤ —Å–æ—Å—Ç–æ—è–Ω–∏–∏</b> –≤–∞–º –æ—Ç–≤–µ—Ç–∏—Ç—å.","+ infinitif. Formel.",üìä
√™tre susceptible de,–º–æ–∂–µ—Ç; –≤–æ–∑–º–æ–∂–Ω–æ,expr,"Ce produit <b>est susceptible de</b> causer des allergies.","–≠—Ç–æ—Ç –ø—Ä–æ–¥—É–∫—Ç <b>–º–æ–∂–µ—Ç</b> –≤—ã–∑–≤–∞—Ç—å –∞–ª–ª–µ—Ä–≥–∏—é.","+ infinitif. Formel. –í–æ–∑–º–æ–∂–Ω–æ—Å—Ç—å/—Ä–∏—Å–∫.",‚ö†Ô∏è
√™tre amen√© √†,–ø—Ä–∏—Ö–æ–¥–∏—Ç—Å—è; –≤—ã–Ω—É–∂–¥–µ–Ω,expr,"Dans ce travail, on <b>est amen√© √†</b> voyager souvent.","–ù–∞ —ç—Ç–æ–π —Ä–∞–±–æ—Ç–µ <b>–ø—Ä–∏—Ö–æ–¥–∏—Ç—Å—è</b> —á–∞—Å—Ç–æ –µ–∑–¥–∏—Ç—å.","+ infinitif. Formel.",üîÑ
√™tre tenu de,–±—ã—Ç—å –æ–±—è–∑–∞–Ω–Ω—ã–º,expr,"Les employ√©s <b>sont tenus de</b> respecter le r√®glement.","–°–æ—Ç—Ä—É–¥–Ω–∏–∫–∏ <b>–æ–±—è–∑–∞–Ω—ã</b> —Å–æ–±–ª—é–¥–∞—Ç—å –ø—Ä–∞–≤–∏–ª–∞.","+ infinitif. Juridique/formel.",‚öñÔ∏è
faire semblant de,–ø—Ä–∏—Ç–≤–æ—Ä—è—Ç—å—Å—è; –¥–µ–ª–∞—Ç—å –≤–∏–¥,expr,"Il <b>fait semblant de</b> dormir.","–û–Ω <b>–ø—Ä–∏—Ç–≤–æ—Ä—è–µ—Ç—Å—è</b>, —á—Ç–æ —Å–ø–∏—Ç.","+ infinitif.",üé≠
faire partie de,–±—ã—Ç—å —á–∞—Å—Ç—å—é; –≤—Ö–æ–¥–∏—Ç—å –≤ —Å–æ—Å—Ç–∞–≤,expr,"Je <b>fais partie de</b> l'√©quipe de marketing.","–Ø <b>–≤—Ö–æ–∂—É –≤</b> –∫–æ–º–∞–Ω–¥—É –º–∞—Ä–∫–µ—Ç–∏–Ω–≥–∞.","+ nom.",üß©
faire attention √†,–æ–±—Ä–∞—â–∞—Ç—å –≤–Ω–∏–º–∞–Ω–∏–µ; –±—ã—Ç—å –æ—Å—Ç–æ—Ä–æ–∂–Ω—ã–º,expr,"<b>Fais attention √†</b> la marche !","<b>–û—Å—Ç–æ—Ä–æ–∂–Ω–æ</b>, —Å—Ç—É–ø–µ–Ω—å–∫–∞!","+ nom ou infinitif.",‚ö†Ô∏èüëÄ
faire face √†,–ø—Ä–æ—Ç–∏–≤–æ—Å—Ç–æ—è—Ç—å; —Å—Ç–æ–ª–∫–Ω—É—Ç—å—Å—è —Å,expr,"Nous devons <b>faire face √†</b> cette crise.","–ú—ã –¥–æ–ª–∂–Ω—ã <b>–ø—Ä–æ—Ç–∏–≤–æ—Å—Ç–æ—è—Ç—å</b> —ç—Ç–æ–º—É –∫—Ä–∏–∑–∏—Å—É.","+ nom. TEF B2.",üí™
faire preuve de,–ø—Ä–æ—è–≤–ª—è—Ç—å; –¥–µ–º–æ–Ω—Å—Ç—Ä–∏—Ä–æ–≤–∞—Ç—å,expr,"Il a <b>fait preuve de</b> courage.","–û–Ω <b>–ø—Ä–æ—è–≤–∏–ª</b> —Å–º–µ–ª–æ—Å—Ç—å.","+ nom (qualit√©). Formel. TEF B2.",üèÜ
faire appel √†,–æ–±—Ä–∞—â–∞—Ç—å—Å—è –∫; –ø—Ä–∏–±–µ–≥–∞—Ç—å –∫,expr,"Nous avons <b>fait appel √†</b> un expert.","–ú—ã <b>–æ–±—Ä–∞—Ç–∏–ª–∏—Å—å –∫</b> —ç–∫—Å–ø–µ—Ä—Ç—É.","+ nom.",üìû
faire confiance √†,–¥–æ–≤–µ—Ä—è—Ç—å,expr,"Je <b>fais confiance √†</b> ton jugement.","–Ø <b>–¥–æ–≤–µ—Ä—è—é</b> —Ç–≤–æ–µ–º—É —Å—É–∂–¥–µ–Ω–∏—é.","+ nom (personne).",ü§ù
se rendre compte de,–æ—Å–æ–∑–Ω–∞—Ç—å; –ø–æ–Ω—è—Ç—å,expr,"Je me <b>suis rendu compte de</b> mon erreur.","–Ø <b>–æ—Å–æ–∑–Ω–∞–ª</b> —Å–≤–æ—é –æ—à–∏–±–∫—É.","+ nom ou que + phrase. Tr√®s fr√©quent!",üí°
il s'agit de,—Ä–µ—á—å –∏–¥—ë—Ç –æ; –¥–µ–ª–æ –≤,expr,"<b>Il s'agit d'</b>un probl√®me s√©rieux.","<b>–†–µ—á—å –∏–¥—ë—Ç –æ</b> —Å–µ—Ä—å—ë–∑–Ω–æ–π –ø—Ä–æ–±–ª–µ–º–µ.","Impersonnel. Tr√®s fr√©quent! TEF.",üìå
il para√Æt que,–≥–æ–≤–æ—Ä—è—Ç —á—Ç–æ; –∫–∞–∂–µ—Ç—Å—è,expr,"<b>Il para√Æt que</b> le directeur va d√©missionner.","<b>–ì–æ–≤–æ—Ä—è—Ç, —á—Ç–æ</b> –¥–∏—Ä–µ–∫—Ç–æ—Ä —É–≤–æ–ª–∏—Ç—Å—è.","Impersonnel. Rumeur/information non confirm√©e.",üí¨
il semble que,–∫–∞–∂–µ—Ç—Å—è —á—Ç–æ,expr,"<b>Il semble que</b> tu aies raison.","<b>–ö–∞–∂–µ—Ç—Å—è, —á—Ç–æ</b> —Ç—ã –ø—Ä–∞–≤.","Impersonnel. + subjonctif (souvent).",ü§î
il vaut mieux,–ª—É—á—à–µ,expr,"<b>Il vaut mieux</b> partir maintenant.","<b>–õ—É—á—à–µ</b> —É–µ—Ö–∞—Ç—å —Å–µ–π—á–∞—Å.","Impersonnel. + infinitif ou que + subjonctif.",üëç
il suffit de,–¥–æ—Å—Ç–∞—Ç–æ—á–Ω–æ,expr,"<b>Il suffit de</b> cliquer sur ce bouton.","<b>–î–æ—Å—Ç–∞—Ç–æ—á–Ω–æ</b> –Ω–∞–∂–∞—Ç—å –Ω–∞ —ç—Ç—É –∫–Ω–æ–ø–∫—É.","Impersonnel. + infinitif.",‚úÖ
il convient de,—Å–ª–µ–¥—É–µ—Ç; –ø–æ–¥–æ–±–∞–µ—Ç,expr,"<b>Il convient de</b> remercier nos partenaires.","<b>–°–ª–µ–¥—É–µ—Ç</b> –ø–æ–±–ª–∞–≥–æ–¥–∞—Ä–∏—Ç—å –Ω–∞—à–∏—Ö –ø–∞—Ä—Ç–Ω—ë—Ä–æ–≤.","Impersonnel. Formel. + infinitif.",üìã
il arrive que,—Å–ª—É—á–∞–µ—Ç—Å—è —á—Ç–æ; –±—ã–≤–∞–µ—Ç,expr,"<b>Il arrive que</b> je sois en retard.","<b>–ë—ã–≤–∞–µ—Ç</b>, —á—Ç–æ —è –æ–ø–∞–∑–¥—ã–≤–∞—é.","Impersonnel. + subjonctif.",üé≤
il se peut que,–≤–æ–∑–º–æ–∂–Ω–æ —á—Ç–æ,expr,"<b>Il se peut que</b> je parte demain.","<b>–í–æ–∑–º–æ–∂–Ω–æ</b>, —è —É–µ–¥—É –∑–∞–≤—Ç—Ä–∞.","Impersonnel. + subjonctif. Synonyme: peut-√™tre que.",ü§∑
il est question de,—Ä–µ—á—å –∏–¥—ë—Ç –æ,expr,"<b>Il est question de</b> construire un nouveau stade.","<b>–†–µ—á—å –∏–¥—ë—Ç –æ</b> —Å—Ç—Ä–æ–∏—Ç–µ–ª—å—Å—Ç–≤–µ –Ω–æ–≤–æ–≥–æ —Å—Ç–∞–¥–∏–æ–Ω–∞.","Impersonnel. Synonyme: il s'agit de.",üì∞
il va sans dire que,—Å–∞–º–æ —Å–æ–±–æ–π —Ä–∞–∑—É–º–µ–µ—Ç—Å—è,expr,"<b>Il va sans dire que</b> ta pr√©sence est souhait√©e.","<b>–°–∞–º–æ —Å–æ–±–æ–π —Ä–∞–∑—É–º–µ–µ—Ç—Å—è</b>, —á—Ç–æ —Ç–≤–æ—ë –ø—Ä–∏—Å—É—Ç—Å—Ç–≤–∏–µ –∂–µ–ª–∞—Ç–µ–ª—å–Ω–æ.","Impersonnel. Formel.",üíØ
il est temps de,–ø–æ—Ä–∞,expr,"<b>Il est temps de</b> partir.","<b>–ü–æ—Ä–∞</b> —É—Ö–æ–¥–∏—Ç—å.","Impersonnel. + infinitif.",‚è∞
il reste √†,–æ—Å—Ç–∞–ª–æ—Å—å,expr,"<b>Il reste √†</b> r√©soudre quelques probl√®mes.","<b>–û—Å—Ç–∞–ª–æ—Å—å</b> —Ä–µ—à–∏—Ç—å –Ω–µ—Å–∫–æ–ª—å–∫–æ –ø—Ä–æ–±–ª–µ–º.","Impersonnel. + infinitif.",üìù
finir par,–≤ –∫–æ–Ω—Ü–µ –∫–æ–Ω—Ü–æ–≤; –≤ –∏—Ç–æ–≥–µ,expr,"Il a <b>fini par</b> accepter notre offre.","–û–Ω <b>–≤ –∏—Ç–æ–≥–µ</b> –ø—Ä–∏–Ω—è–ª –Ω–∞—à–µ –ø—Ä–µ–¥–ª–æ–∂–µ–Ω–∏–µ.","+ infinitif. R√©sultat apr√®s effort/temps.",üèÅ
venir de + inf,—Ç–æ–ª—å–∫–æ —á—Ç–æ,expr,"Je <b>viens de</b> terminer mon travail.","–Ø <b>—Ç–æ–ª—å–∫–æ —á—Ç–æ</b> –∑–∞–∫–æ–Ω—á–∏–ª —Ä–∞–±–æ—Ç—É.","Pass√© r√©cent. –û—á–µ–Ω—å —á–∞—Å—Ç–æ—Ç–Ω–æ–µ!",‚è±Ô∏è
aller + inf,—Å–æ–±–∏—Ä–∞—Ç—å—Å—è; —Å–∫–æ—Ä–æ,expr,"Je <b>vais</b> partir dans cinq minutes.","–Ø <b>—Å–æ–±–∏—Ä–∞—é—Å—å</b> —É–π—Ç–∏ —á–µ—Ä–µ–∑ –ø—è—Ç—å –º–∏–Ω—É—Ç.","Futur proche. –ë–∞–∑–æ–≤–æ–µ!",‚û°Ô∏è
devoir + inf,–¥–æ–ª–∂–µ–Ω; –æ–±—è–∑–∞–Ω,expr,"Tu <b>dois</b> respecter les r√®gles.","–¢—ã <b>–¥–æ–ª–∂–µ–Ω</b> —Å–æ–±–ª—é–¥–∞—Ç—å –ø—Ä–∞–≤–∏–ª–∞.","Obligation ou probabilit√©.",‚ö†Ô∏è
pouvoir + inf,–º–æ—á—å; –∏–º–µ—Ç—å –≤–æ–∑–º–æ–∂–Ω–æ—Å—Ç—å,expr,"Je <b>peux</b> t'aider si tu veux.","–Ø <b>–º–æ–≥—É</b> —Ç–µ–±–µ –ø–æ–º–æ—á—å, –µ—Å–ª–∏ —Ö–æ—á–µ—à—å.","Capacit√© ou permission.",‚úÖ
savoir + inf,—É–º–µ—Ç—å,expr,"Elle <b>sait</b> jouer du piano.","–û–Ω–∞ <b>—É–º–µ–µ—Ç</b> –∏–≥—Ä–∞—Ç—å –Ω–∞ –ø–∏–∞–Ω–∏–Ω–æ.","‚ö†Ô∏è Savoir = comp√©tence acquise. Pouvoir = capacit√© physique.",üéπ
